town,flat_type,avg_resale_price,median_resale_price,total_transactions,avg_floor_area,avg_remaining_lease,avg_mrt_distance,avg_cbd_distance
ANG MO KIO,1 ROOM,48796.70995670996,50000.0,231,31.0,80.73593073593074,,
ANG MO KIO,2 ROOM,161293.7877094972,135500.0,716,44.43854748603352,73.27653631284916,422.5309260950812,9743.555125514851
ANG MO KIO,3 ROOM,193907.3021873736,172000.0,32139,71.15933912069448,75.54174056442329,634.4837422091568,9778.924448938898
ANG MO KIO,4 ROOM,309337.95972883544,270000.0,12391,93.23759180050037,76.73763215236866,602.2933166586924,9724.376253334274
ANG MO KIO,5 ROOM,470325.3342563291,432250.0,5056,120.58386075949367,79.03659018987342,616.8128024724724,9774.428540114493
ANG MO KIO,EXECUTIVE,630876.3452054794,585000.0,365,154.75616438356164,79.23287671232876,640.0567139545768,10231.841861291867
BEDOK,2 ROOM,135150.88457269702,115000.0,901,44.83795782463929,78.65260821309656,627.3719671855023,9634.737381513769
BEDOK,3 ROOM,190400.93750836345,168500.0,29892,68.55332530442928,75.24059949150275,817.490081956727,10102.493103034192
BEDOK,4 ROOM,285601.4924576806,254000.0,20617,92.37522432943688,78.25241305718582,699.0171968309126,10028.880973717529
BEDOK,5 ROOM,404471.7204980487,383000.0,10762,122.01245121724587,79.23332094406244,744.840466436721,9878.075417124544
BEDOK,EXECUTIVE,517141.26164154103,500000.0,2985,146.55946398659967,84.18827470686767,642.1058376332761,9283.481469445565
BISHAN,3 ROOM,214171.56863429968,188000.0,2863,65.5005239259518,78.50820817324485,526.9740066387169,7765.069499625991
BISHAN,4 ROOM,372662.601183432,347000.0,10140,97.73629191321498,83.84753451676528,722.4731598429153,7808.577610948304
BISHAN,5 ROOM,510665.75222009403,473000.0,5743,123.39839804979975,83.8596552324569,692.2687481653115,7642.392367350487
BISHAN,EXECUTIVE,636577.3130653267,602500.0,1990,151.15929648241206,83.9251256281407,690.1907627472117,7978.486861503174
BISHAN,MULTI GENERATION,518212.28571428574,545000.0,56,161.875,90.53571428571429,815.2361689519854,6789.611925924111
BISHAN,MULTI-GENERATION,693021.6585365854,675000.0,41,156.4390243902439,76.1219512195122,840.8853046769405,6788.399826644328
BUKIT BATOK,2 ROOM,335416.6666666667,339000.0,12,45.416666666666664,95.25,934.8491110792133,14032.506179279917
BUKIT BATOK,3 ROOM,177555.06797481165,155000.0,17786,68.94433824356236,81.21471944225796,646.7178232046401,13667.080924081662
BUKIT BATOK,4 ROOM,280272.4001358276,256000.0,16197,96.97962585664011,82.97357535346052,622.1881588262315,13710.18255954523
BUKIT BATOK,5 ROOM,409574.51688419306,385000.0,4827,125.47876527864098,84.73544644706857,648.91602212964,13529.556123564182
BUKIT BATOK,EXECUTIVE,461373.80670034565,443000.0,3761,147.31348045732517,83.34352565806967,610.0821867245073,13692.397794434113
BUKIT MERAH,1 ROOM,69158.30263157895,47000.0,1064,30.117481203007518,70.94172932330827,1211.7946074494985,3588.8321407213525
BUKIT MERAH,2 ROOM,149919.72734761122,110000.0,1214,45.312191103789125,65.80395387149917,397.84172421145433,3435.1582048360337
BUKIT MERAH,3 ROOM,220392.5495483702,178000.0,15278,65.91307762796177,72.22201858882053,699.3719973222614,3343.7842430243268
BUKIT MERAH,4 ROOM,450375.53935608914,405000.0,9287,92.6352966512329,81.2352751157532,640.5082503115499,3467.6029129730573
BUKIT MERAH,5 ROOM,560493.3474830361,525000.0,6337,120.40318762821525,80.34811424964494,631.7443287724091,3473.156003777763
BUKIT MERAH,EXECUTIVE,546500.0,542500.0,8,157.75,69.875,785.3972003969754,3402.123309280246
BUKIT PANJANG,2 ROOM,259604.2641509434,254000.0,106,46.83018867924528,92.63207547169812,1193.2141995685242,15049.347372030725
BUKIT PANJANG,3 ROOM,197853.1544011544,160000.0,4158,71.9021164021164,83.64357864357865,1003.9740228016013,13771.410402821637
BUKIT PANJANG,4 ROOM,294600.3855383139,260000.0,12502,97.50295952647576,86.29603263477844,1008.3999926044074,14285.944788630619
BUKIT PANJANG,5 ROOM,393750.90461750515,376000.0,7255,118.27567195037905,86.89717436250861,974.7904146890593,14436.214159072524
BUKIT PANJANG,EXECUTIVE,485678.69761560694,462350.0,2768,141.52095375722544,85.16293352601156,932.0519954492542,14262.652301254655
BUKIT TIMAH,3 ROOM,241088.47599164926,195000.0,479,68.94989561586638,70.08977035490605,226.59283912746739,6553.1392190711495
BUKIT TIMAH,4 ROOM,394911.0919158361,329000.0,903,99.5703211517165,77.8671096345515,387.2885735562612,9279.649341475344
BUKIT TIMAH,5 ROOM,521334.0904684976,450000.0,619,123.19870759289176,79.07592891760905,319.29323780062606,9400.24137541977
BUKIT TIMAH,EXECUTIVE,648452.8340707965,581500.0,452,147.23230088495575,82.81637168141593,402.4238739682583,10484.669067473738
CENTRAL AREA,2 ROOM,108381.08021390374,88000.0,748,47.106951871657756,75.52540106951872,610.2364678703401,1435.967452515261
CENTRAL AREA,3 ROOM,248609.42394736843,210000.0,3800,65.00815789473684,73.37605263157894,266.7065860970052,1711.3260206719654
CENTRAL AREA,4 ROOM,484238.27444168733,400000.0,2015,89.863523573201,80.0014888337469,291.04442365124515,1903.1980214706475
CENTRAL AREA,5 ROOM,835474.1256684492,940000.0,374,114.00802139037434,86.3663101604278,332.55925647941757,1873.3307975250634
CENTRAL AREA,EXECUTIVE,499000.0,499000.0,2,153.5,75.5,137.547164319981,2494.7636480010433
CHOA CHU KANG,2 ROOM,252245.58823529413,245000.0,68,46.63235294117647,93.0,898.0383150752015,16080.094912984998
CHOA CHU KANG,3 ROOM,195983.37041828374,160000.0,2319,72.09141871496334,80.85381630012937,896.8318959473779,15367.640689204442
CHOA CHU KANG,4 ROOM,300035.6084978862,280000.0,18687,102.63081286455825,87.16642585754803,682.4043228221508,16370.210794349161
CHOA CHU KANG,5 ROOM,385573.1475152572,370000.0,11470,122.43469921534438,87.62484742807324,644.5780376090693,16594.42877294524
CHOA CHU KANG,EXECUTIVE,471346.2653846154,458000.0,4420,145.64570135746607,87.21018099547511,630.7900437385506,16509.31032239428
CLEMENTI,2 ROOM,275022.0,287500.0,58,46.706896551724135,78.8103448275862,669.2638789634124,9732.42522320766
CLEMENTI,3 ROOM,201469.8278084144,175000.0,16139,69.73517566144123,75.96474378833881,724.2841068945417,10169.155648461914
CLEMENTI,4 ROOM,342945.64873214054,285000.0,7769,92.61693911700347,77.40223967048526,748.6435792433347,10106.256977560139
CLEMENTI,5 ROOM,476107.5866364666,430000.0,2649,121.5602114005285,77.30539826349566,809.251793133611,9838.595407489907
CLEMENTI,EXECUTIVE,549940.650617284,519000.0,810,150.4283950617284,79.47037037037038,969.4720754137493,10230.318800024203
GEYLANG,2 ROOM,107312.59278024067,86000.0,1579,44.28689043698543,68.32425585813806,374.81255331678614,6266.029100677098
GEYLANG,3 ROOM,186440.73530307645,162000.0,13132,62.50700578738958,69.57158087115444,424.80395948698816,6134.774470343245
GEYLANG,4 ROOM,324346.9182783019,280000.0,8480,93.33313679245283,80.52216981132075,461.5027581651235,6502.601883701368
GEYLANG,5 ROOM,451457.2511700468,410000.0,3205,123.28517940717629,79.3219968798752,439.36843896702106,5997.80249741164
GEYLANG,EXECUTIVE,502901.72743846854,480000.0,1097,147.50227894257065,82.55150410209663,434.9321579936918,6442.770840556242
HOUGANG,2 ROOM,250081.4814814815,243000.0,54,47.0,92.57407407407408,1537.375149628646,11308.439091417476
HOUGANG,3 ROOM,191251.06571804572,163944.0,12158,68.74239184076329,79.02738937325218,814.8188375268384,10112.520533703908
HOUGANG,4 ROOM,293666.36179534177,267000.0,22369,97.20260181501185,83.66703920604408,805.9473172208975,10568.105533971557
HOUGANG,5 ROOM,402474.8201284797,378000.0,9340,122.21017130620984,84.84475374732334,877.695513775134,10573.971799608362
HOUGANG,EXECUTIVE,507111.752797958,488000.0,5093,146.57804830159043,83.62654623993717,749.1357352083545,10449.20317232797
JURONG EAST,2 ROOM,250949.13559322033,245000.0,59,44.86440677966102,93.11864406779661,871.0408424948901,14492.696439383715
JURONG EAST,3 ROOM,182473.9072451819,160000.0,9703,71.14954137895496,77.96722663093888,831.8235068571578,13931.21386768608
JURONG EAST,4 ROOM,279259.8407483795,249500.0,6788,97.23394225103124,81.47525044195639,886.1418026120108,13874.70116625448
JURONG EAST,5 ROOM,367826.8244819781,346000.0,5743,122.06825700853213,80.84885948110744,884.5491906976938,13779.221377425018
JURONG EAST,EXECUTIVE,482792.2212343096,450000.0,1912,146.7494769874477,83.51725941422595,840.9590422450573,14238.812748937979
JURONG WEST,2 ROOM,234815.8773006135,235000.0,163,49.61349693251534,83.11656441717791,808.9929253980139,17352.693540994165
JURONG WEST,3 ROOM,165336.86469949104,148000.0,17487,68.1878538342769,75.578486875965,832.2567445322161,16613.582915494728
JURONG WEST,4 ROOM,280329.6153723106,248000.0,25006,99.98904262976886,85.04334959609693,825.252745113594,17438.534597124297
JURONG WEST,5 ROOM,372592.52048549074,361000.0,16231,120.00345018791202,85.92212432998583,773.3534130044505,17635.409108639753
JURONG WEST,EXECUTIVE,453382.2007273987,437000.0,5774,143.64634568756495,85.04970557672324,937.8157648936557,17369.67738095513
KALLANG/WHAMPOA,2 ROOM,123250.8146143437,101000.0,739,48.15155615696888,70.46549391069013,420.59342936665684,4123.074076781389
KALLANG/WHAMPOA,3 ROOM,219173.29053468208,177000.0,13840,67.68670520231214,71.55158959537572,479.28448715451884,4441.725225786316
KALLANG/WHAMPOA,4 ROOM,395701.52938736,340000.0,7231,93.64154335499931,80.15032498962799,487.14604418405696,4240.587129119662
KALLANG/WHAMPOA,5 ROOM,508239.7297921478,455000.0,3897,121.18604054400821,80.26610212984347,495.9171427526429,4402.477987629149
KALLANG/WHAMPOA,EXECUTIVE,552409.1016042781,518000.0,561,147.91800356506238,80.67736185383244,702.1629089672133,4742.3848229923215
LIM CHU KANG,3 ROOM,59726.086956521736,64250.0,46,62.71739130434783,84.19565217391305,5471.18280593651,22405.555056502148
LIM CHU KANG,4 ROOM,73716.66666666667,47100.0,18,83.61111111111111,85.77777777777777,5471.18280593651,22405.555056502148
MARINE PARADE,2 ROOM,238400.0,239000.0,10,42.3,59.0,1821.6549638118217,7391.485528711436
MARINE PARADE,3 ROOM,239932.81155840948,218000.0,4049,67.76092862435169,70.97851321313905,1875.4144081782563,7249.555290541956
MARINE PARADE,4 ROOM,337498.4299312533,305000.0,1891,85.89106292966684,70.94553146483342,1895.6713672120604,7065.999398235267
MARINE PARADE,5 ROOM,533495.2476683938,495000.0,1930,121.73160621761659,70.73678756476684,1909.8702160983385,7231.978920514333
PASIR RIS,2 ROOM,240145.45454545456,258000.0,55,50.8,90.41818181818182,636.1442723369522,14641.486747274623
PASIR RIS,3 ROOM,287344.82857142854,285000.0,245,66.68163265306123,77.11428571428571,2423.6037941204536,17566.507147433058
PASIR RIS,4 ROOM,324010.070085739,294000.0,12713,105.29812003461024,86.39203964445842,1066.8372566033547,14897.74483749382
PASIR RIS,5 ROOM,400591.17299980903,378000.0,10474,125.86939087263701,87.18646171472217,1138.2407162611942,14786.237871749363
PASIR RIS,EXECUTIVE,511593.5686318131,490000.0,8990,147.2888765294772,86.88487208008898,1048.6788662724953,15018.272591509278
PUNGGOL,2 ROOM,275836.8230769231,265000.0,260,46.36923076923077,93.28461538461538,1282.7600671969021,14501.639051786497
PUNGGOL,3 ROOM,388251.1671232877,380000.0,1095,67.74794520547945,93.7296803652968,1344.2059649038456,14606.143138837597
PUNGGOL,4 ROOM,462278.9156427221,468000.0,8464,92.21833648393195,92.18714555765595,1455.912372793295,14504.191754164085
PUNGGOL,5 ROOM,488428.0430080163,465000.0,7859,111.11121007761801,90.08232599567376,1593.51542335571,14290.570996308556
PUNGGOL,EXECUTIVE,545534.956937799,550000.0,627,128.8261562998405,88.30940988835725,1579.2811533898853,14193.699118357832
QUEENSTOWN,2 ROOM,101599.8939334638,81000.0,2555,45.20821917808219,69.26183953033268,449.91293372380875,6189.325735870825
QUEENSTOWN,3 ROOM,198364.75325333784,163000.0,17751,62.55022252267478,69.10810658554448,493.3029050514607,6597.180049451146
QUEENSTOWN,4 ROOM,536528.6477390047,545000.0,4843,92.18315093950031,82.5519306215156,470.38116813419464,6103.349214006544
QUEENSTOWN,5 ROOM,609026.1277992278,561500.0,2590,119.8088803088803,80.63050193050194,469.1479582777458,6682.092836181846
QUEENSTOWN,EXECUTIVE,699284.9535603715,638000.0,323,148.5108359133127,87.90092879256966,244.14511223487813,5582.8251802038885
SEMBAWANG,2 ROOM,272720.99328859063,270000.0,149,45.19463087248322,93.7248322147651,732.8160604101761,18813.114133445644
SEMBAWANG,3 ROOM,326443.43127962085,317000.0,211,67.28909952606635,92.57345971563981,746.8794934330359,18619.846131074475
SEMBAWANG,4 ROOM,329121.0351028878,333000.0,5783,93.77796991181047,89.64603147155455,548.2451367278195,18867.367249798055
SEMBAWANG,5 ROOM,389855.5216150082,386750.0,4904,113.16272430668842,88.4347471451876,484.9374366033101,18838.48673538291
SEMBAWANG,EXECUTIVE,474265.11662531015,478400.0,1612,133.80707196029778,86.23759305210918,476.3802055914504,18782.119937080788
SENGKANG,2 ROOM,273047.9605263158,265500.0,304,46.703947368421055,92.56907894736842,1869.5972203806411,12619.266173972073
SENGKANG,3 ROOM,346239.078125,360000.0,1088,68.3529411764706,92.6654411764706,1614.0913644078287,12693.285215925182
SENGKANG,4 ROOM,400687.0378166,410000.0,14253,92.87911316915736,90.37437732407213,1008.0641562587683,12756.62336804034
SENGKANG,5 ROOM,445656.4889608234,445000.0,12048,113.1113047808765,88.41591965471447,915.6084939127527,12904.47439401855
SENGKANG,EXECUTIVE,538445.6722448979,555000.0,2450,132.61877551020407,86.00857142857143,825.6995818682942,12927.647610054952
SERANGOON,2 ROOM,159707.06493506493,132000.0,77,44.0,68.11688311688312,478.57526735624606,7817.4925734456465
SERANGOON,3 ROOM,195756.89722966935,165000.0,5595,65.65075960679178,79.44950848972297,849.3630073137382,8618.421222529427
SERANGOON,4 ROOM,300708.48476481606,269800.0,10141,95.35874174144561,82.2489892515531,984.6260649902955,8744.165407612427
SERANGOON,5 ROOM,413357.4532646979,386000.0,3691,121.82199945814142,84.77837984286101,1321.2636876640506,9314.42265132616
SERANGOON,EXECUTIVE,535572.2173758865,502000.0,2820,147.2390070921986,84.15354609929078,1328.9678360940854,9300.040918074916
TAMPINES,2 ROOM,283257.97101449274,275000.0,69,46.10144927536232,92.84057971014492,701.2125416112866,13806.981968269309
TAMPINES,3 ROOM,210968.69504063347,188000.0,19196,72.6052302563034,80.92529693686184,646.5961797046074,13027.626028813682
TAMPINES,4 ROOM,309201.2771872445,284000.0,31798,100.7153594565696,83.70372350462293,684.0170045805651,13150.607254132077
TAMPINES,5 ROOM,405499.2682403434,380000.0,19106,124.21542970794515,85.37375693499425,678.8471883751449,13402.220180725748
TAMPINES,EXECUTIVE,513590.3365936359,490000.0,7668,146.8943661971831,84.82016171100678,739.7249887758835,13119.00465002441
TAMPINES,MULTI GENERATION,457985.71428571426,477000.0,70,154.38571428571427,90.3,184.47808890934593,14200.04455303596
TAMPINES,MULTI-GENERATION,599515.84,531000.0,75,155.58666666666667,76.14666666666666,186.52586446622337,14201.272346280906
TOA PAYOH,2 ROOM,154500.1334196891,135000.0,772,43.36658031088083,63.74740932642487,438.9451549952355,6030.572464114973
TOA PAYOH,3 ROOM,195494.2035724575,178000.0,17355,66.90607893978681,68.83497551138001,608.7864576870836,5981.160293282904
TOA PAYOH,4 ROOM,386358.6938747607,345000.0,7314,93.94640415641236,79.80516817063166,645.1829616863374,6039.911665131147
TOA PAYOH,5 ROOM,528958.3036409435,482450.0,4367,122.09136707121594,82.91985344630181,739.6800593317511,6049.669773690623
TOA PAYOH,EXECUTIVE,571645.1297968398,550000.0,886,148.69864559819413,83.40406320541761,578.0499306047365,6125.842879820885
WOODLANDS,2 ROOM,236851.76,233500.0,150,46.0,86.64666666666666,913.1660869329229,19107.670841522424
WOODLANDS,3 ROOM,177329.8325636344,155000.0,9311,69.82816024057567,77.97519063473311,833.331718795399,19199.184405150423
WOODLANDS,4 ROOM,274225.80888504756,245000.0,28925,97.35270527225583,86.81403630077787,623.6899551757053,18472.12230875437
WOODLANDS,5 ROOM,354043.7894013523,330000.0,18191,121.12088395360342,87.23379693254907,594.087082678985,18415.9738576886
WOODLANDS,EXECUTIVE,484621.1786252638,445000.0,6634,157.99668375037686,86.98974977389207,524.8653180029494,18427.956087537954
YISHUN,2 ROOM,261340.62790697673,250000.0,172,45.69186046511628,91.15697674418605,1424.0824381598602,15320.743691084053
YISHUN,3 ROOM,190465.9681118881,162000.0,21450,69.54209790209791,80.86107226107227,646.3841905207245,16296.993367907036
YISHUN,4 ROOM,257685.9654172451,238000.0,32415,93.85664044423878,83.16640444238779,788.1503232352879,15980.745020591266
YISHUN,5 ROOM,364064.5099979596,345000.0,9802,122.17404611303816,84.37063864517445,646.9441775960848,15906.82521587067
YISHUN,EXECUTIVE,456147.90054673265,435000.0,3841,147.7557927623015,83.96953918250456,840.5329181784922,15708.889102811729
YISHUN,MULTI GENERATION,428566.6666666667,455000.0,153,165.43790849673204,90.86928104575163,786.7869171664732,15106.732906194928
YISHUN,MULTI-GENERATION,579681.2676056338,502500.0,142,165.69014084507043,75.97183098591549,784.083890092671,15117.77629020112
