Year,Month,Compound SORA - 1 month,Compound SORA - 3 month,Compound SORA - 6 month,3-Month US$ SIBOR,HDB Interest Rate
1990,Jan,,,,8.35,2.6
1990,Feb,,,,8.3795,2.6
1990,Mar,,,,8.4895,2.6
1990,Apr,,,,8.5495,2.6
1990,May,,,,8.4814,2.6
1990,Jun,,,,8.3524,2.6
1990,Jul,,,,8.2319,2.6
1990,Aug,,,,8.1032,2.6
1990,Sep,,,,8.2055,2.6
1990,Oct,,,,8.1968,2.6
1990,Nov,,,,8.1855,2.6
1990,Dec,,,,8.0035,2.6
1991,Jan,,,,7.4059,2.6
1991,Feb,,,,6.7558,2.6
1991,Mar,,,,6.623,2.6
1991,Apr,,,,6.261,2.6
1991,May,,,,6.06,2.6
1991,Jun,,,,6.2116,2.6
1991,Jul,,,,6.1796,2.6
1991,Aug,,,,5.7919,2.6
1991,Sep,,,,5.6281,2.6
1991,Oct,,,,5.4848,2.6
1991,Nov,,,,5.0785,2.6
1991,Dec,,,,4.65,2.6
1992,Jan,,,,4.1918,2.6
1992,Feb,,,,4.2022,2.6
1992,Mar,,,,4.4014,2.6
1992,Apr,,,,4.1935,2.6
1992,May,,,,4.0147,2.6
1992,Jun,,,,4.0352,2.6
1992,Jul,,,,3.5578,2.6
1992,Aug,,,,3.488,2.6
1992,Sep,,,,3.3214,2.6
1992,Oct,,,,3.4448,2.6
1992,Nov,,,,3.8376,2.6
1992,Dec,,,,3.7318,2.6
1993,Jan,,,,3.4174,2.6
1993,Feb,,,,3.312,2.6
1993,Mar,,,,3.3077,2.6
1993,Apr,,,,3.2471,2.6
1993,May,,,,3.26,2.6
1993,Jun,,,,3.3552,2.6
1993,Jul,,,,3.305,2.6
1993,Aug,,,,3.2671,2.6
1993,Sep,,,,3.2209,2.6
1993,Oct,,,,3.3943,2.6
1993,Nov,,,,3.5,2.6
1993,Dec,,,,3.4039,2.6
1994,Jan,,,,3.2867,2.6
1994,Feb,,,,3.5694,2.6
1994,Mar,,,,3.89,2.6
1994,Apr,,,,4.125,2.6
1994,May,,,,4.644,2.6
1994,Jun,,,,4.5832,2.6
1994,Jul,,,,4.8257,2.6
1994,Aug,,,,4.9159,2.6
1994,Sep,,,,5.125,2.6
1994,Oct,,,,5.63,2.6
1994,Nov,,,,5.9014,2.6
1994,Dec,,,,6.3924,2.6
1995,Jan,,,,6.341,2.6
1995,Feb,,,,6.27,2.6
1995,Mar,,,,6.2691,2.6
1995,Apr,,,,6.2342,2.6
1995,May,,,,6.141,2.6
1995,Jun,,,,6.0227,2.6
1995,Jul,,,,5.9095,2.6
1995,Aug,,,,5.9727,2.6
1995,Sep,,,,6.0629,2.6
1995,Oct,,,,6.269,2.6
1995,Nov,,,,6.1732,2.6
1995,Dec,,,,5.9235,2.6
1996,Jan,,,,5.6777,2.6
1996,Feb,,,,5.4161,2.6
1996,Mar,,,,5.5829,2.6
1996,Apr,,,,5.599,2.6
1996,May,,,,5.5733,2.6
1996,Jun,,,,5.676,2.6
1996,Jul,,,,5.7604,2.6
1996,Aug,,,,5.6429,2.6
1996,Sep,,,,5.7357,2.6
1996,Oct,,,,5.6457,2.6
1996,Nov,,,,5.6055,2.6
1996,Dec,,,,5.731,2.6
1997,Jan,,,,5.7014,2.6
1997,Feb,,,,5.6494,2.6
1997,Mar,,,,5.7765,2.6
1997,Apr,,,,5.9457,2.6
1997,May,,,,5.919,2.6
1997,Jun,,,,5.8971,2.6
1997,Jul,,,,5.8361,2.6
1997,Aug,,,,5.8071,2.6
1997,Sep,,,,5.7991,2.6
1997,Oct,,,,5.825,2.6
1997,Nov,,,,6.251,2.6
1997,Dec,,,,6.2955,2.6
1998,Jan,,,,6.1683,2.6
1998,Feb,,,,5.8575,2.6
1998,Mar,,,,5.7959,2.6
1998,Apr,,,,5.817,2.6
1998,May,,,,5.8847,2.6
1998,Jun,,,,5.9309,2.6
1998,Jul,,,,5.86,2.6
1998,Aug,,,,5.8925,2.6
1998,Sep,,,,5.7314,2.6
1998,Oct,,,,5.5167,2.6
1998,Nov,,,,5.4029,2.6
1998,Dec,,,,5.2845,2.6
1999,Jan,,,,5.2105,2.6
1999,Feb,,,,5.0361,2.6
1999,Mar,,,,5.0095,2.6
1999,Apr,,,,4.98,2.6
1999,May,,,,4.9871,2.6
1999,Jun,,,,5.1909,2.6
1999,Jul,,,,5.3195,2.6
1999,Aug,,,,5.479,2.6
1999,Sep,,,,5.5441,2.6
1999,Oct,,,,6.0367,2.6
1999,Nov,,,,6.1362,2.6
1999,Dec,,,,6.1755,2.6
2000,Jan,,,,6.0357,2.6
2000,Feb,,,,6.098,2.6
2000,Mar,,,,6.1905,2.6
2000,Apr,,,,6.3047,2.6
2000,May,,,,6.7462,2.6
2000,Jun,,,,6.7886,2.6
2000,Jul,,,,6.7314,2.6
2000,Aug,,,,6.7014,2.6
2000,Sep,,,,6.671,2.6
2000,Oct,,,,6.7776,2.6
2000,Nov,,,,6.75,2.6
2000,Dec,,,,6.5484,2.6
2001,Jan,,,,5.7195,2.6
2001,Feb,,,,5.354,2.6
2001,Mar,,,,4.9619,2.6
2001,Apr,,,,4.6225,2.6
2001,May,,,,4.0833,2.6
2001,Jun,,,,3.8314,2.6
2001,Jul,,,,3.7509,2.6
2001,Aug,,,,3.5627,2.6
2001,Sep,,,,3.0405,2.6
2001,Oct,,,,2.4048,2.6
2001,Nov,,,,2.1086,2.6
2001,Dec,,,,1.9263,2.6
2002,Jan,,,,1.8182,2.6
2002,Feb,,,,1.9067,2.6
2002,Mar,,,,1.9895,2.6
2002,Apr,,,,1.9682,2.6
2002,May,,,,1.901,2.6
2002,Jun,,,,1.8795,2.6
2002,Jul,,,,1.8543,2.6
2002,Aug,,,,1.7862,2.6
2002,Sep,,,,1.8143,2.6
2002,Oct,,,,1.793,2.6
2002,Nov,,,,1.4565,2.6
2002,Dec,,,,1.4135,2.6
2003,Jan,,,,1.3664,2.6
2003,Feb,,,,1.3394,2.6
2003,Mar,,,,1.2881,2.6
2003,Apr,,,,1.3,2.6
2003,May,,,,1.282,2.6
2003,Jun,,,,1.1257,2.6
2003,Jul,,,,1.1157,2.6
2003,Aug,,,,1.1362,2.6
2003,Sep,,,,1.145,2.6
2003,Oct,,,,1.1668,2.6
2003,Nov,,,,1.1753,2.6
2003,Dec,,,,1.17,2.6
2004,Jan,,,,1.1305,2.6
2004,Feb,,,,1.1237,2.6
2004,Mar,,,,1.1122,2.6
2004,Apr,,,,1.1486,2.6
2004,May,,,,1.2524,2.6
2004,Jun,,,,1.5105,2.6
2004,Jul,,,,1.6277,2.6
2004,Aug,,,,1.7376,2.6
2004,Sep,,,,1.9068,2.6
2004,Oct,,,,2.0843,2.6
2004,Nov,,,,2.3105,2.6
2004,Dec,,,,2.5043,2.6
2005,Jan,,,,2.663,2.6
2005,Feb,,,,2.8244,2.6
2005,Mar,,,,3.0268,2.6
2005,Apr,,,,3.1538,2.6
2005,May,,,,3.275,2.6
2005,Jun,,,,3.4277,2.6
2005,Jul,,,,3.619,2.6
2005,Aug,1.7609,,,3.81,2.6
2005,Sep,1.9372,,,3.9077,2.6
2005,Oct,2.1808,1.9605,,4.1714,2.6
2005,Nov,2.4496,2.1952,,4.3655,2.6
2005,Dec,2.7832,2.4702,,4.4957,2.6
2006,Jan,3.1517,2.7958,2.3835,4.6033,2.6
2006,Feb,3.1752,3.041,2.615,4.762,2.6
2006,Mar,3.1368,3.1625,2.8266,4.9243,2.6
2006,Apr,3.13,3.154,2.9844,5.0742,2.6
2006,May,3.0769,3.124,3.0966,5.1914,2.6
2006,Jun,3.1376,3.1237,3.1552,5.3882,2.6
2006,Jul,3.2777,3.1728,3.1755,5.501,2.6
2006,Aug,3.1652,3.2018,3.176,5.4232,2.6
2006,Sep,3.2642,3.2434,3.196,5.3843,2.6
2006,Oct,3.3469,3.2669,3.2322,5.3752,2.6
2006,Nov,3.3774,3.3391,3.2828,5.3745,2.6
2006,Dec,3.1516,3.3039,3.2866,5.3645,2.6
2007,Jan,3.2126,3.2556,3.2753,5.3633,2.6
2007,Feb,3.1101,3.1698,3.2681,5.3639,2.6
2007,Mar,2.7262,3.0323,3.1806,5.3477,2.6
2007,Apr,2.5361,2.7975,3.0422,5.358,2.6
2007,May,2.276,2.5127,2.8543,5.36,2.6
2007,Jun,2.1216,2.3149,2.6796,5.3619,2.6
2007,Jul,2.2196,2.2103,2.5094,5.3591,2.6
2007,Aug,2.3287,2.2316,2.3729,5.4873,2.6
2007,Sep,2.2793,2.2811,2.3056,5.5125,2.6
2007,Oct,2.1884,2.2702,2.2471,5.1604,2.6
2007,Nov,1.9756,2.1496,2.1964,4.9714,2.6
2007,Dec,1.2461,1.8129,2.0535,5.0074,2.6
2008,Jan,0.95,1.3868,1.832,3.9536,2.6
2008,Feb,1.4046,1.1907,1.672,3.0968,2.6
2008,Mar,0.9422,1.0987,1.4567,2.784,2.6
2008,Apr,0.6324,0.9944,1.2006,2.8141,2.6
2008,May,0.6406,0.7265,0.9622,2.7125,2.6
2008,Jun,0.4587,0.5745,0.8357,2.8076,2.6
2008,Jul,0.3583,0.4829,0.7364,2.8183,2.6
2008,Aug,0.4469,0.4204,0.5754,2.8286,2.6
2008,Sep,0.8129,0.5396,0.5584,3.1468,2.6
2008,Oct,0.9749,0.7557,0.6191,4.0767,2.6
2008,Nov,0.3983,0.7384,0.5797,2.304,2.6
2008,Dec,0.4327,0.6078,0.5774,1.8157,2.6
2009,Jan,0.248,0.3596,0.5579,1.2237,2.6
2009,Feb,0.138,0.2771,0.5091,1.243,2.6
2009,Mar,0.2304,0.2062,0.4083,1.2668,2.6
2009,Apr,0.2377,0.2039,0.2833,1.1167,2.6
2009,May,0.0875,0.1861,0.23,0.8235,2.6
2009,Jun,0.1273,0.1548,0.1807,0.6291,2.6
2009,Jul,0.135,0.1185,0.1608,0.5243,2.6
2009,Aug,0.2392,0.1684,0.177,0.4365,2.6
2009,Sep,0.2246,0.1977,0.1763,0.3095,2.6
2009,Oct,0.2548,0.2375,0.1782,0.2895,2.6
2009,Nov,0.2824,0.2526,0.2091,0.2775,2.6
2009,Dec,0.1852,0.2406,0.2193,0.2595,2.6
2010,Jan,0.1181,0.194,0.2164,0.2535,2.6
2010,Feb,0.1396,0.1502,0.2016,0.2522,2.6
2010,Mar,0.132,0.1304,0.186,0.267,2.6
2010,Apr,0.1187,0.1301,0.1621,0.3086,2.6
2010,May,0.0889,0.1131,0.1306,0.452,2.6
2010,Jun,0.1328,0.114,0.1221,0.54,2.6
2010,Jul,0.1162,0.1136,0.1219,0.5205,2.6
2010,Aug,0.116,0.1225,0.1177,0.3743,2.6
2010,Sep,0.1116,0.115,0.1146,0.2967,2.6
2010,Oct,0.0951,0.1078,0.1106,0.29,2.6
2010,Nov,0.082,0.0961,0.1093,0.2905,2.6
2010,Dec,0.0821,0.0863,0.1006,0.3035,2.6
2011,Jan,0.0669,0.0771,0.0924,0.3076,2.6
2011,Feb,0.0899,0.0801,0.0882,0.31,2.6
2011,Mar,0.0389,0.0656,0.076,0.31,2.6
2011,Apr,0.0488,0.0593,0.0685,0.2885,2.6
2011,May,0.0725,0.0534,0.0667,0.2675,2.6
2011,Jun,0.0579,0.0597,0.0626,0.2536,2.6
2011,Jul,0.0444,0.0583,0.0589,0.251,2.6
2011,Aug,0.0403,0.0477,0.0508,0.2933,2.6
2011,Sep,0.052,0.0456,0.0527,0.3486,2.6
2011,Oct,0.0513,0.0479,0.0531,0.4015,2.6
2011,Nov,0.0552,0.0528,0.0502,0.4714,2.6
2011,Dec,0.0578,0.0546,0.05,0.551,2.6
2012,Jan,0.0503,0.0573,0.0526,0.5689,2.6
2012,Feb,0.0563,0.0583,0.0555,0.5071,2.6
2012,Mar,0.0448,0.0521,0.0533,0.4736,2.6
2012,Apr,0.0384,0.0434,0.0503,0.47,2.6
2012,May,0.0567,0.0432,0.0505,0.47,2.6
2012,Jun,0.0516,0.0464,0.0492,0.4681,2.6
2012,Jul,0.0457,0.051,0.0472,0.4564,2.6
2012,Aug,0.0592,0.0573,0.0502,0.4381,2.6
2012,Sep,0.0542,0.0642,0.0553,0.3975,2.6
2012,Oct,0.077,0.0789,0.065,0.3391,2.6
2012,Nov,0.0653,0.077,0.067,0.3119,2.6
2012,Dec,0.0569,0.0723,0.0685,0.31,2.6
2013,Jan,,0.056,0.0675,0.3045,2.6
2013,Feb,,0.0513,0.0642,0.2956,2.6
2013,Mar,,0.049,0.061,0.2815,2.6
2013,Apr,,0.0489,0.0527,0.28,2.6
2013,May,,0.0497,0.0505,0.28,2.6
2013,Jun,,0.0504,0.0498,0.28,2.6
2013,Jul,,0.0513,0.0501,0.2726,2.6
2013,Aug,,0.0473,0.0483,0.2695,2.6
2013,Sep,,0.042,0.0463,0.2586,2.6
2013,Oct,,0.048,0.0497,0.2441,2.6
2013,Nov,,0.0546,0.051,0.24,2.6
2013,Dec,0.051,0.0602,0.051,0.2438,2.6
2014,Jan,0.046,0.0541,0.0513,,2.6
2014,Feb,0.043,0.0479,0.0512,,2.6
2014,Mar,0.063,0.0501,0.0553,,2.6
2014,Apr,0.0748,0.0598,0.0573,,2.6
2014,May,0.0822,0.0736,0.0602,,2.6
2014,Jun,0.0703,0.0753,0.0628,,2.6
2014,Jul,0.0638,0.0718,0.0658,,2.6
2014,Aug,0.0694,0.0679,0.0705,,2.6
2014,Sep,0.1036,0.0791,0.0773,,2.6
2014,Oct,0.0781,0.0843,0.0781,,2.6
2014,Nov,0.1047,0.096,0.0819,,2.6
2014,Dec,0.1288,0.1038,0.0914,,2.6
2015,Jan,0.1514,0.129,0.1066,,2.6
2015,Feb,0.2079,0.1629,0.1291,,2.6
2015,Mar,0.2898,0.2171,0.1603,,2.6
2015,Apr,0.2531,0.2526,0.1901,,2.6
2015,May,0.2284,0.2559,0.2108,,2.6
2015,Jun,0.1891,0.2233,0.2202,,2.6
2015,Jul,0.2604,0.2265,0.2393,,2.6
2015,Aug,0.1982,0.2166,0.235,,2.6
2015,Sep,0.2381,0.2319,0.2281,,2.6
2015,Oct,0.1968,0.2106,0.2184,,2.6
2015,Nov,0.4052,0.2802,0.2481,,2.6
2015,Dec,0.3657,0.3229,0.2768,,2.6
2016,Jan,0.3727,0.382,0.2959,,2.6
2016,Feb,0.2531,0.3288,0.3045,,2.6
2016,Mar,0.3079,0.3099,0.3162,,2.6
2016,Apr,0.2699,0.2763,0.3284,,2.6
2016,May,0.3186,0.2998,0.3139,,2.6
2016,Jun,0.1505,0.2469,0.2784,,2.6
2016,Jul,0.133,0.2,0.2377,,2.6
2016,Aug,0.1933,0.1604,0.2295,,2.6
2016,Sep,0.088,0.1393,0.1925,,2.6
2016,Oct,0.0801,0.1218,0.1608,,2.6
2016,Nov,0.086,0.0845,0.1227,,2.6
2016,Dec,0.1496,0.1049,0.1223,,2.6
2017,Jan,0.2181,0.1511,0.137,,2.6
2017,Feb,0.2607,0.2092,0.1467,,2.6
2017,Mar,0.2746,0.2522,0.179,,2.6
2017,Apr,0.378,0.3079,0.2285,,2.6
2017,May,0.4811,0.381,0.2966,,2.6
2017,Jun,0.4671,0.4409,0.3477,,2.6
2017,Jul,0.7449,0.5625,0.4367,,2.6
2017,Aug,0.7003,0.6342,0.5096,,2.6
2017,Sep,0.7001,0.7137,0.5783,,2.6
2017,Oct,0.6647,0.6877,0.6248,,2.6
2017,Nov,0.8785,0.7472,0.6904,,2.6
2017,Dec,0.8049,0.7838,0.748,,2.6
2018,Jan,0.6605,0.7834,0.7361,,2.6
2018,Feb,0.6386,0.7086,0.7296,,2.6
2018,Mar,0.8555,0.7242,0.7547,,2.6
2018,Apr,0.5993,0.6973,0.745,,2.6
2018,May,1.0302,0.8256,0.7692,,2.6
2018,Jun,1.0166,0.881,0.803,,2.6
2018,Jul,1.0109,1.0177,0.8614,,2.6
2018,Aug,1.3784,1.1383,0.9841,,2.6
2018,Sep,1.1145,1.1685,1.0261,,2.6
2018,Oct,1.1452,1.2163,1.1174,,2.6
2018,Nov,1.3681,1.2122,1.1779,,2.6
2018,Dec,1.5508,1.3562,1.2641,,2.6
2019,Jan,1.5342,1.4876,1.3544,,2.6
2019,Feb,1.6719,1.5877,1.401,,2.6
2019,Mar,1.49,1.5662,1.463,,2.6
2019,Apr,1.631,1.5985,1.5433,,2.6
2019,May,1.8257,1.6599,1.6261,,2.6
2019,Jun,1.7163,1.7328,1.6537,,2.6
2019,Jul,1.5147,1.6871,1.6473,,2.6
2019,Aug,1.6475,1.6256,1.6458,,2.6
2019,Sep,1.5041,1.5563,1.6459,,2.6
2019,Oct,1.2967,1.4851,1.5889,,2.6
2019,Nov,1.2522,1.3498,1.492,,2.6
2019,Dec,1.2748,1.2755,1.4191,,2.6
2020,Jan,1.2003,1.2429,1.3649,,2.6
2020,Feb,1.1051,1.1968,1.2754,,2.6
2020,Mar,0.7554,1.0252,1.1522,,2.6
2020,Apr,0.3459,0.7309,0.99,,2.6
2020,May,0.1106,0.3946,0.7998,,2.6
2020,Jun,0.0679,0.1835,0.6064,,2.6
2020,Jul,0.0903,0.0935,0.4125,,2.6
2020,Aug,0.111,0.0905,0.242,,2.6
2020,Sep,0.1037,0.1015,0.1418,,2.6
2020,Oct,0.1169,0.11,0.1019,,2.6
2020,Nov,0.125,0.1149,0.1023,,2.6
2020,Dec,0.1238,0.1221,0.1117,,2.6
2021,Jan,0.2546,0.1669,0.1388,,2.6
2021,Feb,0.1743,0.1813,0.1481,,2.6
2021,Mar,0.2138,0.2139,0.1672,,2.6
2021,Apr,0.1714,0.1867,0.1768,,2.6
2021,May,0.1554,0.181,0.1822,,2.6
2021,Jun,0.1314,0.1539,0.1836,,2.6
2021,Jul,0.1159,0.1337,0.1607,,2.6
2021,Aug,0.1394,0.1287,0.1542,,2.6
2021,Sep,0.1409,0.1322,0.1428,,2.6
2021,Oct,0.145,0.1419,0.1379,,2.6
2021,Nov,0.1806,0.1556,0.1423,,2.6
2021,Dec,0.1878,0.1718,0.1519,,2.6
2022,Jan,0.215,0.1941,0.1682,,2.6
2022,Feb,0.2711,0.224,0.1896,,2.6
2022,Mar,0.2556,0.248,0.2094,,2.6
2022,Apr,0.3648,0.2991,0.2461,,2.6
2022,May,0.6969,0.4418,0.3335,,2.6
2022,Jun,0.8626,0.6289,0.4402,,2.6
2022,Jul,1.5872,1.0385,0.6713,,2.6
2022,Aug,1.8367,1.4265,0.9368,,2.6
2022,Sep,2.0863,1.8396,1.2381,,2.6
2022,Oct,2.9203,2.2766,1.6611,,2.6
2022,Nov,3.0737,2.6863,2.0577,,2.6
2022,Dec,3.2343,3.0808,2.4621,,2.6
2023,Jan,2.8089,3.0471,2.6714,,2.6
2023,Feb,3.5561,3.209,2.9515,,2.6
2023,Mar,3.6367,3.3485,3.2261,,2.6
2023,Apr,3.5697,3.6005,3.3339,,2.6
2023,May,3.5886,3.6114,3.4235,,2.6
2023,Jun,3.7302,3.6423,3.5081,,2.6
2023,Jul,3.7099,3.6877,3.6612,,2.6
2023,Aug,3.6146,3.6928,3.6692,,2.6
2023,Sep,3.7516,3.7012,3.6887,,2.6
2023,Oct,3.7592,3.717,3.7188,,2.6
2023,Nov,3.7181,3.7537,3.7409,,2.6
2023,Dec,3.6918,3.7353,3.7352,,2.6
2024,Jan,3.6279,3.6892,3.7209,,2.6
2024,Feb,3.5712,3.6402,3.7144,,2.6
2024,Mar,3.6994,3.6409,3.7055,,2.6
2024,Apr,3.6519,3.6515,3.688,,2.6
2024,May,3.6496,3.6758,3.6749,,2.6
2024,Jun,3.6692,3.6659,3.6712,,2.6
2024,Jul,3.5633,3.636,3.6603,,2.6
2024,Aug,3.5461,3.6017,3.6551,,2.6
2024,Sep,3.4494,3.5304,3.6146,,2.6
2024,Oct,3.3352,3.4552,3.5609,,2.6
2024,Nov,3.059,3.2877,3.4605,,2.6
2024,Dec,3.0006,3.1391,3.3494,,2.6
2025,Jan,2.778,2.9516,3.2158,,2.6
2025,Feb,2.6596,2.8181,3.0652,,2.6
2025,Mar,2.4229,2.6966,2.952,,2.6
