Year,Planning Area,,condominiums_and_other_apartments,hdb_1_and_2_room_flats,hdb_3_room_flats,hdb_4_room_flats,hdb_5_room_and_executive_flats,landed_properties,others,total,total_hdb
2000,Ang Mo Kio,,7750,10200,78360,48420,19470,15000,1430,180630,156450
2000,Bedok,,25020,7880,71900,76560,49770,46610,3220,284970,210120
2000,Bishan,,4610,650,6810,35030,28160,11910,600,89970,72850
2000,Boon Lay,,0,0,0,0,0,0,0,90,0
2000,Bukit Batok,,10660,280,33230,51090,26850,3780,750,126640,111450
2000,Bukit Merah,,5220,22240,62380,33690,22340,390,2200,148450,140650
2000,Bukit Panjang,,7920,0,8070,44550,33380,2540,100,96560,86000
2000,Bukit Timah,,19970,0,1310,3300,4120,32230,1340,64320,10780
2000,Central Water Catchment,,0,0,0,0,0,0,0,10,0
2000,Changi,,0,0,260,0,0,230,600,1090,260
2000,Changi Bay,,0,0,0,0,0,0,0,0,0
2000,Choa Chu Kang,,2620,520,4210,68720,60060,590,90,136810,133500
2000,Clementi,,5470,2100,38030,26890,10950,6090,1460,90980,77970
2000,Downtown Core,,240,340,2160,1300,30,10,550,4620,3820
2000,Geylang,,8000,10260,38350,34000,15940,7940,2940,118910,100030
2000,Hougang,,5700,1740,29370,87290,51970,22190,1930,204070,174260
2000,Jurong East,,6660,0,22920,28460,30670,0,390,89090,82040
2000,Jurong West,,2170,1640,34790,93430,68670,3440,630,204750,198520
2000,Kallang,,7630,12260,36500,20020,11650,1950,2210,92220,80430
2000,Lim Chu Kang,,0,0,150,120,0,0,50,320,260
2000,Mandai,,230,0,0,0,0,680,90,990,0
2000,Marina East,,0,0,0,0,0,0,0,0,0
2000,Marina South,,0,0,0,0,0,0,0,0,0
2000,Marine Parade,,10210,3040,8550,6440,6350,10200,900,46260,24950
2000,Museum,,50,0,110,0,0,20,80,260,110
2000,Newton,,5080,70,20,0,0,780,170,6110,80
2000,North-Eastern Islands,,0,0,0,0,0,0,0,50,0
2000,Novena,,11210,1690,9220,6830,4700,7590,1230,42840,22800
2000,Orchard,,430,0,0,0,0,0,160,590,0
2000,Outram,,1580,7420,9280,3030,190,10,570,22200,20040
2000,Pasir Ris,,7080,40,0,39880,63210,6290,190,116680,103120
2000,Paya Lebar,,0,0,0,0,0,30,110,140,0
2000,Pioneer,No Data,,,,,,,,,
2000,Punggol,,0,0,0,0,0,230,10,240,0
2000,Queenstown,,6800,8650,49780,15970,11320,3700,1630,97860,85730
2000,River Valley,,7900,0,0,0,0,1270,200,9370,0
2000,Rochor,,1400,1580,6830,4880,410,470,2380,17940,13700
2000,Seletar,,0,0,0,0,0,190,250,440,0
2000,Sembawang,,120,0,730,13350,15010,2130,320,31660,29090
2000,Sengkang,,110,160,570,25160,33480,1290,540,61300,59360
2000,Serangoon,,9630,260,14230,39780,23780,32850,860,122420,79090
2000,Simpang,,0,0,0,0,0,0,0,0,0
2000,Singapore River,,630,0,0,0,0,0,190,830,0
2000,Southern Islands,,0,0,0,0,0,0,0,0,0
2000,Straits View,,0,0,0,0,0,0,0,0,0
2000,Sungei Kadut,,0,0,0,0,0,660,260,920,0
2000,Tampines,,8360,690,39240,110600,86520,4560,850,253110,239350
2000,Tanglin,,8460,0,70,230,260,4230,480,13720,560
2000,Tengah,,0,0,0,0,0,0,0,60,0
2000,Toa Payoh,,2720,9990,48900,27090,20860,5940,1710,121240,110870
2000,Tuas,,0,0,0,0,0,0,0,40,0
2000,Western Islands,,0,0,0,0,0,0,0,0,0
2000,Western Water Catchment,,0,0,0,0,0,0,410,410,0
2000,Woodlands,,470,2070,15990,88330,81080,240,490,188670,187480
2000,Yishun,,1500,80,38180,92930,40590,3000,930,177210,171780
2010,Ang Mo Kio,,10870,11660,70180,47300,21860,16050,1390,179300,150980
2010,Bedok,,41910,9240,66970,76230,51120,45920,3140,294520,203560
2010,Bishan,,11240,790,5920,33140,27380,11040,490,91300,68530
2010,Boon Lay,,0,0,0,0,0,0,0,40,0
2010,Bukit Batok,,24630,120,30580,53470,30200,4480,740,144200,114360
2010,Bukit Merah,,6640,23560,46400,45530,32240,460,2310,157120,147730
2010,Bukit Panjang,,12600,0,7890,54400,50610,2990,250,128730,112900
2010,Bukit Timah,,28780,0,1210,3030,3870,32270,1140,70310,8130
2010,Central Water Catchment,,0,0,0,0,0,0,0,10,0
2010,Changi,,50,0,420,0,0,370,1310,2160,430
2010,Changi Bay,,0,0,0,0,0,0,0,0,0
2010,Choa Chu Kang,,13560,990,4200,77400,74230,2470,450,173290,156810
2010,Clementi,,11250,2060,33230,26400,11410,5930,1600,91870,73090
2010,Downtown Core,,600,0,1430,1130,30,0,530,3720,2580
2010,Geylang,,14730,9590,34440,34100,17300,7030,2140,120690,96790
2010,Hougang,,14120,790,26850,89770,57000,21870,3940,216700,176770
2010,Jurong East,,7430,190,21030,28360,30760,0,340,88120,80340
2010,Jurong West,,11600,3480,33780,108070,105910,4100,580,267520,251250
2010,Kallang,,15020,12170,29950,24540,14310,1640,1930,99560,80960
2010,Lim Chu Kang,,0,0,0,0,0,0,0,90,0
2010,Mandai,,1140,0,0,0,0,660,70,1870,0
2010,Marina East,,0,0,0,0,0,0,0,0,0
2010,Marina South,,0,0,0,0,0,0,0,0,0
2010,Marine Parade,,13990,3460,7680,5840,6020,9690,640,47320,23000
2010,Museum,,290,0,0,0,0,0,60,350,0
2010,Newton,,5460,0,0,0,0,600,190,6240,0
2010,North-Eastern Islands,,0,0,0,0,0,0,0,60,0
2010,Novena,,14560,1980,8690,7140,5380,7340,1550,46640,23190
2010,Orchard,,640,0,0,0,0,0,170,810,0
2010,Outram,,1820,6250,6350,3510,1230,10,600,19860,17430
2010,Pasir Ris,,15830,40,0,42060,67790,7310,830,133860,109900
2010,Paya Lebar,,0,0,0,0,0,0,0,60,0
2010,Pioneer,,0,0,0,0,0,0,0,90,0
2010,Punggol,,0,170,0,19620,39340,250,10,59390,59130
2010,Queenstown,,10330,8300,40700,20660,13350,3700,1470,98500,83000
2010,River Valley,,7060,0,0,0,0,890,260,8210,0
2010,Rochor,,1830,780,5680,5100,840,250,1190,15660,12400
2010,Seletar,,0,0,0,0,0,290,40,330,0
2010,Sembawang,,1440,470,0,27900,39310,3160,460,72730,67680
2010,Sengkang,,8120,310,1190,67330,88020,1580,490,167050,156860
2010,Serangoon,,12860,340,12410,38110,24270,34600,1240,124780,76080
2010,Simpang,,0,0,0,0,0,0,0,0,0
2010,Singapore River,,1830,0,0,0,0,0,170,2000,0
2010,Southern Islands,,360,0,0,0,0,260,10,640,0
2010,Straits View,,0,0,0,0,0,0,0,0,0
2010,Sungei Kadut,,0,0,0,0,0,670,210,880,0
2010,Tampines,,19730,1020,36370,107810,90800,4690,1330,261740,236000
2010,Tanglin,,12020,0,40,250,280,4340,360,17290,580
2010,Tengah,,0,0,0,0,0,0,0,10,0
2010,Toa Payoh,,5190,10850,41980,31900,23270,5800,1870,124650,111800
2010,Tuas,,0,0,0,0,0,0,0,60,0
2010,Western Islands,,0,0,0,0,0,0,0,10,0
2010,Western Water Catchment,,0,0,0,0,0,0,1040,1040,0
2010,Woodlands,,8960,3160,17590,106950,107070,540,840,245110,234770
2010,Yishun,,5360,690,39380,92830,41190,4970,800,185210,174080
2015,Ang Mo Kio,,11920,12650,63750,46090,22620,16410,1330,174770,145110
2015,Bedok,,48690,9640,62060,72370,48990,45160,2840,289750,193060
2015,Bishan,,14210,1170,5430,31480,27050,10770,580,90700,65130
2015,Boon Lay,,0,0,0,0,0,0,0,30,0
2015,Bukit Batok,,24570,1290,28030,50180,28740,5620,840,139270,108240
2015,Bukit Merah,,9100,25790,40210,46780,31780,520,1670,155840,144550
2015,Bukit Panjang,,15610,2250,9860,57590,50300,3220,200,139030,120000
2015,Bukit Timah,,33920,0,1080,2820,3650,32040,950,74470,7550
2015,Central Water Catchment,,0,0,0,0,0,0,0,10,0
2015,Changi,,50,0,450,0,10,410,1620,2530,460
2015,Changi Bay,,0,0,0,0,0,0,0,0,0
2015,Choa Chu Kang,,15500,3840,5300,74970,71760,2550,420,174330,155870
2015,Clementi,,14030,2740,28970,26530,12180,5800,1390,91630,70420
2015,Downtown Core,,1050,0,1190,1010,20,0,450,3720,2220
2015,Geylang,,17940,10290,30910,32380,16600,6600,2240,116960,90190
2015,Hougang,,21630,4260,26730,87490,55450,22610,4160,222310,173930
2015,Jurong East,,6930,2120,18500,28080,28950,0,400,84980,77650
2015,Jurong West,,12270,7110,35750,106470,106320,4400,350,272660,255650
2015,Kallang,,16740,12660,27750,25330,15590,1500,1650,101210,81330
2015,Lim Chu Kang,,0,0,0,0,0,0,0,90,0
2015,Mandai,,1240,0,0,0,0,780,90,2120,0
2015,Marina East,,0,0,0,0,0,0,0,0,0
2015,Marina South,,0,0,0,0,0,0,0,0,0
2015,Marine Parade,,17000,3740,6910,5360,5690,9490,550,48730,21690
2015,Museum,,350,0,0,0,0,0,20,380,0
2015,Newton,,6130,0,0,0,0,550,240,6920,0
2015,North-Eastern Islands,,0,0,0,0,0,0,0,60,0
2015,Novena,,17650,2220,7890,6700,5090,7320,1120,47990,21890
2015,Orchard,,830,0,0,0,0,0,90,920,0
2015,Outram,,1820,6480,5600,5350,2270,0,570,22080,19690
2015,Pasir Ris,,23420,1200,520,41280,65330,7480,660,139890,108330
2015,Paya Lebar,,0,0,0,0,0,0,0,40,0
2015,Pioneer,,0,0,0,0,0,0,0,100,0
2015,Punggol,,3480,4660,6530,48970,45590,280,250,109750,105740
2015,Queenstown,,11140,9070,34190,24290,14320,3740,1300,98050,81870
2015,River Valley,,8310,0,0,0,0,770,120,9190,0
2015,Rochor,,2010,820,4980,4770,800,150,1060,14590,11370
2015,Seletar,,0,0,0,0,0,250,20,270,0
2015,Sembawang,,2170,1760,930,29150,38170,3770,580,76530,70010
2015,Sengkang,,11340,5430,7320,88840,91690,1570,490,206680,193280
2015,Serangoon,,13600,1060,11140,35320,22890,35530,1130,120670,70420
2015,Simpang,,0,0,0,0,0,0,0,0,0
2015,Singapore River,,2560,0,0,0,0,0,170,2720,0
2015,Southern Islands,,890,0,0,0,0,550,40,1480,0
2015,Straits View,,0,0,0,0,0,0,0,0,0
2015,Sungei Kadut,,0,0,0,0,0,660,190,850,0
2015,Tampines,,23540,4820,35290,103340,88400,4630,1220,261230,231850
2015,Tanglin,,14020,0,40,210,270,4160,300,19000,520
2015,Tengah,,0,0,0,0,0,0,0,10,0
2015,Toa Payoh,,8340,11520,38300,31270,25010,5870,1690,124940,109040
2015,Tuas,,0,0,0,0,0,0,0,70,0
2015,Western Islands,,0,0,0,0,0,0,0,0,0
2015,Western Water Catchment,,0,0,0,0,0,0,900,900,0
2015,Woodlands,,10070,7080,19040,106880,105570,620,1030,250290,238570
2015,Yishun,,8970,4130,39960,99030,43660,5290,950,201970,186770
2020,Ang Mo Kio,,13980,10720,55910,43030,21370,15880,1390,162280,131020
2020,Bedok,,54850,9630,54710,66310,44970,43870,2650,276990,175620
2020,Bishan,,16880,1140,4920,28160,25130,10390,700,87320,59350
2020,Boon Lay,,0,0,0,0,0,0,0,40,0
2020,Bukit Batok,,26500,6050,28300,56090,34310,5760,1030,158030,124750
2020,Bukit Merah,,14160,21550,35250,48210,30040,460,1600,151250,135050
2020,Bukit Panjang,,19050,2400,9840,55310,48290,3190,190,138270,115840
2020,Bukit Timah,,37100,190,900,2510,3430,32790,940,77860,7030
2020,Central Water Catchment,,0,0,0,0,0,0,0,0,0
2020,Changi,,10,0,360,0,10,340,1140,1850,360
2020,Changi Bay,,0,0,0,0,0,0,0,0,0
2020,Choa Chu Kang,,23370,4900,6980,79580,74260,2410,570,192070,165710
2020,Clementi,,17640,2490,25880,26430,12610,5730,1210,91990,67410
2020,Downtown Core,,2290,0,0,610,0,0,290,3190,610
2020,Geylang,,19640,8470,27320,31210,15130,6370,1970,110110,82130
2020,Hougang,,29940,6000,26430,85640,53020,22250,4280,227560,171090
2020,Jurong East,,6910,2200,17510,25440,25790,0,750,78600,70940
2020,Jurong West,,17390,8220,32530,99630,99920,4270,780,262730,240300
2020,Kallang,,19090,11370,25430,27890,14490,1380,1640,101290,79180
2020,Lim Chu Kang,,0,0,0,0,0,0,110,110,0
2020,Mandai,,1300,0,0,0,0,730,60,2090,0
2020,Marina East,,0,0,0,0,0,0,0,0,0
2020,Marina South,,0,0,0,0,0,0,0,0,0
2020,Marine Parade,,17070,3270,6140,4730,5330,9250,430,46220,19470
2020,Museum,,490,0,0,0,0,0,20,510,0
2020,Newton,,7440,0,0,0,0,580,240,8260,0
2020,North-Eastern Islands,,0,0,0,0,0,0,0,50,0
2020,Novena,,19010,1630,7660,7940,4540,7760,790,49330,21780
2020,Orchard,,830,0,0,0,0,0,90,920,0
2020,Outram,,840,5290,4920,4760,2050,10,470,18340,17020
2020,Pasir Ris,,36780,1420,890,38800,61510,7110,610,147110,102620
2020,Paya Lebar,,0,0,0,0,0,0,0,40,0
2020,Pioneer,,0,0,0,0,0,0,0,80,0
2020,Punggol,,22330,9290,14540,70500,57240,310,250,174450,151570
2020,Queenstown,,11910,7670,29740,27570,14060,3540,1460,95930,79040
2020,River Valley,,9290,0,0,0,0,700,80,10070,0
2020,Rochor,,2300,710,4380,4130,740,140,710,13120,9960
2020,Seletar,,0,0,0,0,0,280,20,300,0
2020,Sembawang,,10860,6840,4490,36860,38890,3880,820,102640,87080
2020,Sengkang,,31780,8150,11090,99800,96230,1530,790,249370,215280
2020,Serangoon,,16310,1520,9850,31510,21010,35760,930,116900,63890
2020,Simpang,,0,0,0,0,0,0,0,0,0
2020,Singapore River,,3110,0,0,0,0,0,150,3260,0
2020,Southern Islands,,1280,0,0,0,0,640,20,1940,0
2020,Straits View,,0,0,0,0,0,0,0,0,0
2020,Sungei Kadut,,0,0,0,0,0,670,80,750,0
2020,Tampines,,27770,7040,34340,99780,85220,4480,1270,259900,226370
2020,Tanglin,,16790,0,30,190,250,4350,190,21810,470
2020,Tengah,,0,0,0,0,0,0,0,10,0
2020,Toa Payoh,,14580,9600,34990,32040,23600,5660,1370,121850,100230
2020,Tuas,,0,0,0,0,0,0,0,70,0
2020,Western Islands,,0,0,0,0,0,0,0,10,0
2020,Western Water Catchment,,0,0,0,0,0,0,640,640,0
2020,Woodlands,,17400,10710,19690,103960,101610,700,1060,255130,235970
2020,Yishun,,19670,8910,40200,99740,46450,5710,940,221610,195300
