Year,Planning Area,employed,inactive,unemployed
2000,Ang Mo Kio,5088034860,1876437534,37192768
2000,Bedok,7176747650,2630055007,46533433
2000,Bishan,2446518210,793016543,12951141
2000,Bukit Batok,3641223425,1007923404,19511931
2000,Bukit Merah,4077729530,1725430866,27911952
2000,Bukit Panjang,2751517002,731118641,14551143
2000,Bukit Timah,1621711704,525912095,554592
2000,Changi,300144,77163,1019
2000,Choa Chu Kang,4030825165,936425186,19261704
2000,Clementi,2547218640,923418548,14931198
2000,Downtown Core,1311843,565977,8959
2000,Geylang,3147420841,1241424988,24841653
2000,Hougang,5682837163,1838739905,32332600
2000,Jurong East,2611716686,817918122,15501109
2000,Jurong West,5939436088,1604237924,30972589
2000,Kallang,2595916547,1049919265,19161358
2000,Marine Parade,109188160,44419493,552602
2000,Newton,13781035,5701125,7264
2000,Novena,112458354,39878521,629419
2000,Outram,63834234,30045005,501253
2000,Pasir Ris,3045120387,659518797,11241018
2000,Queenstown,2573718848,1090020461,18191332
2000,River Valley,22811621,7311759,6189
2000,Rochor,46363021,18903478,281209
2000,Sembawang,70674596,18004639,347395
2000,Sengkang,143059266,36129328,531618
2000,Serangoon,3332323787,1096923185,15011316
2000,Tampines,6678743429,1930247633,35842854
2000,Tanglin,33792333,8302676,147180
2000,Toa Payoh,3093623146,1314324870,23181622
2000,Woodlands,5460234804,1360035111,31212524
2000,Yishun,4983930867,1457334137,34842906
2010,Ang Mo Kio,5081540256,2003437492,24852093
2010,Bedok,8356764100,3319559608,37482802
2010,Bishan,2543221190,1121518377,1079824
2010,Bukit Batok,4342231580,1467227693,16691680
2010,Bukit Merah,4264135806,1943131908,22131561
2010,Bukit Panjang,3816327842,1269024429,14041292
2010,Bukit Timah,1822414333,776014812,491413
2010,Changi,747433,113426,1918
2010,Choa Chu Kang,5082336719,1705432984,19281719
2010,Clementi,2508820915,994318211,1014959
2010,Downtown Core,1164806,458845,2525
2010,Geylang,3491726597,1413724010,16451290
2010,Hougang,6224948345,2331642909,24892186
2010,Jurong East,2643418512,932517006,1155940
2010,Jurong West,8130156972,2500048422,33643118
2010,Kallang,2852121501,1188020383,12491047
2010,Mandai,458343,164304,625
2010,Marine Parade,118559349,544810303,462430
2010,Newton,15871091,6011375,1941
2010,Novena,1247910194,52579321,508363
2010,Outram,47863656,26293598,294108
2010,Pasir Ris,3792428067,1388024459,13921318
2010,Punggol,1752014084,42409351,633536
2010,Queenstown,2516421144,1156020907,1319939
2010,River Valley,21781778,7581617,6595
2010,Rochor,44903200,16463280,15589
2010,Sembawang,2160616343,550111931,858845
2010,Sengkang,5044537602,1254728091,16501655
2010,Serangoon,3482227499,1474025360,13671118
2010,Singapore River,543357,137328,6
2010,Tampines,7516955881,2695851678,28502842
2010,Tanglin,46903335,16493491,91121
2010,Toa Payoh,3381628310,1502125639,16631458
2010,Woodlands,7137950208,2209543593,26683001
2010,Yishun,5432039574,1817235672,22912403
2015,Ang Mo Kio,5490046300,1840033000,28001800
2015,Bedok,8250067800,2940050300,28003200
2015,Bishan,2640023100,870016200,900900
2015,Boon Lay,,,
2015,Bukit Batok,4120034500,1440026000,21002000
2015,Bukit Merah,4390038400,1760029300,18001500
2015,Bukit Panjang,4530034800,1240023500,20001700
2015,Bukit Timah,1990016900,710014000,700400
2015,Central Water Catchment,,,
2015,Changi,,,
2015,Changi Bay,,,
2015,Choa Chu Kang,5270044500,1710031100,16002200
2015,Clementi,2480021200,920016100,700600
2015,Downtown Core,,,
2015,Geylang,3340028000,1040018300,1500800
2015,Hougang,6370057100,2270036700,25001900
2015,Jurong East,2630019800,790014700,1100900
2015,Jurong West,8920069400,2380046100,33003100
2015,Kallang,2960025800,960017300,15001000
2015,Lim Chu Kang,,,
2015,Mandai,,,
2015,Marina East,,,
2015,Marina South,,,
2015,Marine Parade,1090010600,52008300,500300
2015,Museum,,,
2015,Newton,,,
2015,North-Eastern Islands,,,
2015,Novena,1350010300,44008200,500200
2015,Orchard,,,
2015,Outram,61005600,23003100,100100
2015,Pasir Ris,4350034500,1360024100,16002100
2015,Paya Lebar,,,
2015,Pioneer,,,
2015,Punggol,3300027500,620014500,900900
2015,Queenstown,2670022400,1130019100,9001300
2015,River Valley,,,
2015,Rochor,,,
2015,Seletar,,,
2015,Sembawang,2600021300,560010900,800400
2015,Sengkang,6760056700,1650032700,22002200
2015,Serangoon,3570032600,1420024400,15001000
2015,Simpang,,,
2015,Singapore River,,,
2015,Southern Islands,,,
2015,Straits View,,,
2015,Sungei Kadut,,,
2015,Tampines,8620066600,2470047500,30003700
2015,Tanglin,50004000,15003800,0
2015,Tengah,,,
2015,Toa Payoh,3580033100,1400022100,16001300
2015,Tuas,,,
2015,Western Islands,,,
2015,Western Water Catchment,,,
2015,Woodlands,7460060200,2160040300,28002500
2015,Yishun,6360055700,1820031000,22001700
2020,Ang Mo Kio,4514041357,1936032183,27222853
2020,Bedok,7713768078,3201052291,44934725
2020,Bishan,2453522925,1080915858,14601213
2020,Boon Lay,,,
2020,Bukit Batok,4873641742,1593026774,28093181
2020,Bukit Merah,4037438329,1754827404,28992031
2020,Bukit Panjang,4211135380,1415124010,22422217
2020,Bukit Timah,1953417468,879715286,904974
2020,Central Water Catchment,,,
2020,Changi,,,
2020,Changi Bay,,,
2020,Choa Chu Kang,6041650704,1903731331,32353162
2020,Clementi,2511022499,1067417762,15461709
2020,Downtown Core,1024938,245447,3531
2020,Geylang,3194029119,1225120012,18921536
2020,Hougang,6567261568,2476336484,37013687
2020,Jurong East,2273019196,947414835,12861485
2020,Jurong West,8256066225,2577243267,41263821
2020,Kallang,2905625863,1197517938,17191782
2020,Lim Chu Kang,,,
2020,Mandai,,,
2020,Marina East,,,
2020,Marina South,,,
2020,Marine Parade,1140610723,52669569,736747
2020,Museum,,,
2020,Newton,,,
2020,North-Eastern Islands,,,
2020,Novena,1315312014,50118461,796760
2020,Orchard,,,
2020,Outram,49384331,24963197,399276
2020,Pasir Ris,4547539252,1547724843,24022787
2020,Paya Lebar,,,
2020,Pioneer,,,
2020,Punggol,5036545171,1195322613,24472798
2020,Queenstown,2450123799,1050218206,15471747
2020,River Valley,29882383,8071970,111162
2020,Rochor,,,
2020,Seletar,,,
2020,Sembawang,3188027629,883415878,18741857
2020,Sengkang,7624365172,1949837699,37013685
2020,Serangoon,3314730411,1384122068,18851925
2020,Simpang,,,
2020,Singapore River,,,
2020,Southern Islands,,,
2020,Straits View,,,
2020,Sungei Kadut,,,
2020,Tampines,7876865780,2642546772,48924345
2020,Tanglin,54824723,20573981,202293
2020,Tengah,,,
2020,Toa Payoh,3160731947,1402822820,21282259
2020,Tuas,,,
2020,Western Islands,,,
2020,Western Water Catchment,,,
2020,Woodlands,7745161252,2464542044,46774877
2020,Yishun,6610556092,2076737079,43714037