Year,Planning Area,chinese,indian,malays,others
2000,Ang Mo Kio,7153872317,64016222,71757162,698815
2000,Bedok,98376100424,99559245,2449224781,30533230
2000,Bishan,3768338620,36583560,24692653,645686
2000,Bukit Batok,4219941829,50454713,100039768,470464
2000,Bukit Merah,5331153920,65425297,42344001,391532
2000,Bukit Panjang,3406433235,26542561,77077444,239321
2000,Bukit Timah,1357514744,654681,88120,417431
2000,Choa Chu Kang,5111850141,46594502,1292612601,389472
2000,Clementi,2826729528,32393078,65376245,416429
2000,Hougang,7953179903,57875795,91609223,8681004
2000,Jurong East,2670826266,26862626,60635846,239319
2000,Jurong West,6546963153,74096937,1770117137,528715
2000,Kallang,3296731881,64394450,35073272,298393
2000,Marine Parade,1328315124,23682436,20412107,543632
2000,Novena,1306413735,15551399,633675,178264
2000,Outram,49824585,781240,254242,2544
2000,Pasir Ris,3855139350,35713310,1062810487,10321115
2000,Queenstown,3126033183,34413230,52075114,553610
2000,Sembawang,63496245,646596,17011664,7393
2000,Sengkang,1244912346,875878,20952149,124144
2000,Serangoon,5085152751,49925195,34283386,854962
2000,Tampines,7261173353,66846353,2520625571,17411998
2000,Toa Payoh,4362845539,40953882,48354862,605761
2000,Woodlands,5706255870,81297687,2160421110,807988
2000,Yishun,5724856357,89288746,1353613411,867981
2010,Ang Mo Kio,7122075746,75327420,63556518,20062500
2010,Bedok,1.0231E+11,1302812320,2317824001,58846216
2010,Bishan,3761939684,36603563,19312114,13201407
2010,Bukit Batok,5123053035,79427315,1017910303,20102183
2010,Bukit Merah,6051264172,81807610,56535697,20442414
2010,Bukit Panjang,4785648223,46534508,1034010258,13771519
2010,Bukit Timah,2826132103,16851812,287433,27462987
2010,Changi,305338,199159,186147,2222
2010,Choa Chu Kang,6189661806,80167733,1469714483,22772383
2010,Clementi,3314436122,41983954,53965332,17051986
2010,Downtown Core,11811249,106116,515,2118
2010,Geylang,4483245822,56354983,75637831,18532107
2010,Hougang,8719189761,90408425,87298689,22112625
2010,Jurong East,3098431149,51314618,70767006,10031115
2010,Jurong West,9335091275,1461112518,2450424159,34443620
2010,Kallang,3705737509,74876477,36793630,13351552
2010,Marine Parade,1653719130,28532989,16731753,11401242
2010,Newton,16422088,300362,2033,462434
2010,Novena,1773119424,21152019,9831035,12581422
2010,Outram,81788018,829594,658628,235246
2010,Pasir Ris,4434645637,57685293,1361613611,27262814
2010,Punggol,2311523880,20131779,33373503,680827
2010,Queenstown,3583740431,42984026,40124254,20082186
2010,River Valley,25563183,499614,2039,609578
2010,Rochor,49915288,17281287,239261,140166
2010,Sembawang,2585826394,36653349,49315016,16501704
2010,Sengkang,6529266633,70396810,84178670,19612232
2010,Serangoon,5025453441,58795856,28542923,17221853
2010,Singapore River,512658,5646,513,236170
2010,Tampines,8507588602,1107910332,2850029084,42144857
2010,Tanglin,58767034,768812,89105,13011308
2010,Toa Payoh,4882353120,48954712,46854936,15161956
2010,Woodlands,7506974378,1422512932,3128630720,30573389
2010,Yishun,6361164569,100579627,1555115517,25272856
2015,Ang Mo Kio,6886074410,70407120,64406650,19002400
2015,Bedok,1.0101E+11,1288012210,2164022360,56906100
2015,Bishan,3748039740,35303470,17901980,13201400
2015,Boon Lay,,,,
2015,Bukit Batok,5005052030,70406670,96909880,18802030
2015,Bukit Merah,5889063740,77207410,67406690,21102580
2015,Bukit Panjang,5121052090,52705040,1121011020,15001740
2015,Bukit Timah,2974034420,17601900,310460,28803050
2015,Central Water Catchment,,,,
2015,Changi,580620,250220,390330,8060
2015,Changi Bay,,,,
2015,Choa Chu Kang,6139062070,83708110,1494014680,23102490
2015,Clementi,3351037140,38303790,49305030,15801790
2015,Downtown Core,13501470,160140,2020,200140
2015,Geylang,4353044500,52004700,75407730,17901940
2015,Hougang,8923092460,93208730,88008850,22002720
2015,Jurong East,2975030350,48004340,68006940,9001060
2015,Jurong West,9546094730,1442012660,2448024150,31503550
2015,Kallang,3740038390,75906900,40503920,13901570
2015,Lim Chu Kang,,,,
2015,Mandai,810900,120120,4060,3040
2015,Marina East,,,,
2015,Marina South,,,,
2015,Marine Parade,1707019560,29303090,16901820,12801310
2015,Museum,100120,3010,0,7050
2015,Newton,21902660,380380,1040,640580
2015,North-Eastern Islands,,,,
2015,Novena,1865020210,21502060,10401080,13401490
2015,Orchard,260350,4040,0,130100
2015,Outram,89709060,880700,980950,270280
2015,Pasir Ris,4615047750,61505760,1412014320,27302920
2015,Paya Lebar,,,,
2015,Pioneer,,,,
2015,Punggol,4189043010,39503770,71007390,11801510
2015,Queenstown,3613041300,40503960,42104490,18702100
2015,River Valley,29403520,590690,4060,720690
2015,Rochor,51005370,17101260,320330,280250
2015,Seletar,8090,2010,0,3030
2015,Sembawang,2740028200,37403440,50505260,16401680
2015,Sengkang,7906081520,92308970,1113011460,23802940
2015,Serangoon,4887052570,53805370,25802590,15601740
2015,Simpang,,,,
2015,Singapore River,8401030,120110,1010,350270
2015,Southern Islands,360440,7070,1020,280220
2015,Sungei Kadut,320340,5050,0,1020
2015,Tampines,8561089860,1101010550,2776028250,38104380
2015,Tanglin,64207750,9201010,80110,13701360
2015,Tengah,,,,
2015,Toa Payoh,4863053620,47204580,49104990,16001920
2015,Tuas,,,,
2015,Western Islands,,,,
2015,Western Water Catchment,320410,4050,0,3040
2015,Woodlands,7705076690,1447013330,3135030960,29903390
2015,Yishun,7024072060,103209930,1695016990,25203000
2020,Ang Mo Kio,6406070300,63406480,54905650,17202270
2020,Bedok,96900104880,1248011960,1935019970,54905990
2020,Bishan,3622038830,32403250,15601630,12501350
2020,Boon Lay,,,,
2020,Bukit Batok,5532058150,76407300,1252012730,20002390
2020,Bukit Merah,5750063350,71206880,58505590,23102740
2020,Bukit Panjang,5050052310,52405100,1091010790,15101930
2020,Bukit Timah,3095036460,18602000,240400,29303060
2020,Central Water Catchment,,,,
2020,Changi,410400,180140,320300,4040
2020,Changi Bay,,,,
2020,Choa Chu Kang,6639067120,92208810,1779017720,22902730
2020,Clementi,3462039000,34703510,40904200,14601690
2020,Downtown Core,11301220,11080,1010,240200
2020,Geylang,4192043510,45204100,62006280,15901960
2020,Hougang,9029094500,96109120,93209440,22803010
2020,Jurong East,2729028130,44604140,63606350,8201050
2020,Jurong West,9188091690,1386012490,2338023150,27503500
2020,Kallang,3754039460,76406880,36003390,12601510
2020,Lim Chu Kang,5050,0,0,0
2020,Mandai,780870,140130,5070,2030
2020,Marina East,,,,
2020,Marina South,,,,
2020,Marine Parade,1620018850,27102810,15401590,12601270
2020,Museum,170190,2010,0,6050
2020,Newton,28703210,350390,2040,690650
2020,North-Eastern Islands,,,,
2020,Novena,1966021070,21302010,830900,13001440
2020,Orchard,280350,4040,100,11090
2020,Outram,73607560,720570,880760,240240
2020,Pasir Ris,4838050390,67506380,1458014800,28303010
2020,Paya Lebar,,,,
2020,Pioneer,,,,
2020,Punggol,6518066760,62705930,1283013240,16802590
2020,Queenstown,3634041820,35903460,34103530,17501930
2020,River Valley,31603870,710790,3060,720740
2020,Rochor,46705010,13401050,300320,240230
2020,Seletar,80100,2010,0,3040
2020,Sembawang,3598036900,48604490,81508530,16901990
2020,Sengkang,9470098170,1102010690,1413014450,26403600
2020,Serangoon,4750051260,51005160,24202460,13501660
2020,Simpang,,,,
2020,Singapore River,10401280,160150,1010,340300
2020,Southern Islands,450560,100100,1020,370330
2020,Straits View,,,,
2020,Sungei Kadut,290290,4040,0,1010
2020,Tampines,8430089370,1116010540,2796028620,36104370
2020,Tanglin,73808910,10901120,100130,15501540
2020,Tengah,,,,
2020,Toa Payoh,4783053490,43504240,41804270,15501990
2020,Tuas,,,,
2020,Western Islands,,,,
2020,Western Water Catchment,220290,4030,0,3030
2020,Woodlands,7769077620,1460013620,3290032580,27503300
2020,Yishun,7551077660,1123010710,2015020260,26003520