Year,Planning Area,,no_family_nucleus,ofn_1_gen,ofn_2_gen,ofn_3_more_gen,tfn_1to2_gen,tfn_3_more_gen,three_more_fam_nucleus
2000,Ang Mo Kio,,9260,5383,33463,3306,722,1859,110
2000,Bedok,,10241,7280,47854,5055,1120,3115,168
2000,Bishan,,2194,2561,16936,1802,379,1055,28
2000,Boon Lay,No Data,,,,,,,
2000,Bukit Batok,,3905,4137,23770,2484,511,1341,105
2000,Bukit Merah,,9671,5115,27433,2381,590,1228,57
2000,Bukit Panjang,,1791,2687,18312,1767,477,1058,79
2000,Bukit Timah,,1805,1640,10748,1386,344,779,109
2000,Central Water Catchment,No Data,,,,,,,
2000,Changi,,86,20,149,0,9,15,0
2000,Changi Bay,No Data,,,,,,,
2000,Choa Chu Kang,,1604,4216,27167,2511,620,1667,73
2000,Clementi,,5114,2862,17012,1702,343,817,54
2000,Downtown Core,,327,171,746,96,52,33,0
2000,Geylang,,5989,3318,20825,2271,614,1299,78
2000,Hougang,,4569,4710,38039,3896,912,2538,128
2000,Jurong East,,2370,2282,16917,1743,444,1080,53
2000,Jurong West,,4981,6176,37763,3581,944,2206,84
2000,Kallang,,6560,3188,16280,1674,425,847,39
2000,Lim Chu Kang,No Data,,,,,,,
2000,Mandai,No Data,,,,,,,
2000,Marina East,No Data,,,,,,,
2000,Marina South,No Data,,,,,,,
2000,Marine Parade,,2980,1539,6956,956,162,622,38
2000,Museum,No Data,,,,,,,
2000,Newton,,349,232,888,133,37,71,6
2000,North-Eastern Islands,No Data,,,,,,,
2000,Novena,,1950,1408,7303,845,181,549,48
2000,Orchard,No Data,,,,,,,
2000,Outram,,2942,820,3711,344,48,177,5
2000,Pasir Ris,,1341,3400,20980,2253,492,1273,62
2000,Paya Lebar,No Data,,,,,,,
2000,Pioneer,No Data,,,,,,,
2000,Punggol,No Data,,,,,,,
2000,Queenstown,,5808,4535,18255,1534,305,724,52
2000,River Valley,,665,377,1366,200,33,79,6
2000,Rochor,,1130,514,2763,288,57,198,20
2000,Seletar,No Data,,,,,,,
2000,Sembawang,,455,1077,4876,391,98,249,15
2000,Sengkang,,595,1683,9810,825,212,615,28
2000,Serangoon,,3112,3014,22555,2331,511,1586,67
2000,Simpang,No Data,,,,,,,
2000,Singapore River,No Data,,,,,,,
2000,Southern Islands,No Data,,,,,,,
2000,Straits View,No Data,,,,,,,
2000,Sungei Kadut,No Data,,,,,,,
2000,Tampines,,5127,6388,45544,4809,1004,2905,122
2000,Tanglin,,810,454,2115,249,62,145,35
2000,Tengah,No Data,,,,,,,
2000,Toa Payoh,,7914,3985,21619,2056,461,1071,59
2000,Tuas,No Data,,,,,,,
2000,Western Islands,No Data,,,,,,,
2000,Western Water Catchment,No Data,,,,,,,
2000,Woodlands,,3840,6661,37121,3537,856,2098,68
2000,Yishun,,4083,5232,33382,3205,774,2063,115
2010,Ang Mo Kio,,13732,7479,31672,3351,946,2408,117
2010,Bedok,,17526,11330,50450,5758,1435,4412,313
2010,Bishan,,3736,3130,16663,2104,394,1354,77
2010,Boon Lay,No Data,,,,,,,
2010,Bukit Batok,,6684,5362,26639,2499,703,2105,141
2010,Bukit Merah,,15515,8061,26717,2771,667,1826,71
2010,Bukit Panjang,,3590,3941,23616,2533,641,1920,97
2010,Bukit Timah,,3167,2807,12014,1357,231,1030,51
2010,Central Water Catchment,No Data,,,,,,,
2010,Changi,,204,122,367,53,12,20,0
2010,Changi Bay,No Data,,,,,,,
2010,Choa Chu Kang,,4054,4764,31536,3803,764,2813,178
2010,Clementi,,7445,4302,15946,1563,414,1076,46
2010,Downtown Core,,533,181,577,63,12,63,0
2010,Geylang,,10581,5158,19991,2407,561,1493,94
2010,Hougang,,8171,6395,38558,4654,1060,3247,200
2010,Jurong East,,4177,2923,15736,1631,459,1227,139
2010,Jurong West,,9869,9572,46952,5376,1734,4316,264
2010,Kallang,,10907,4641,16692,1540,496,1148,49
2010,Lim Chu Kang,No Data,,,,,,,
2010,Mandai,,92,55,269,47,13,0,13
2010,Marina East,No Data,,,,,,,
2010,Marina South,No Data,,,,,,,
2010,Marine Parade,,3891,2246,7504,878,204,742,33
2010,Museum,No Data,,,,,,,
2010,Newton,,691,397,990,71,6,14,6
2010,North-Eastern Islands,No Data,,,,,,,
2010,Novena,,3453,2199,7876,887,193,549,50
2010,Orchard,No Data,,,,,,,
2010,Outram,,3479,964,2452,298,58,137,0
2010,Pasir Ris,,3222,3741,23570,2946,634,1876,69
2010,Paya Lebar,No Data,,,,,,,
2010,Pioneer,No Data,,,,,,,
2010,Punggol,,1373,3098,11341,1200,241,771,19
2010,Queenstown,,9076,5878,16349,1597,386,1067,12
2010,River Valley,,859,316,1324,152,21,65,12
2010,Rochor,,1568,741,2352,235,119,223,19
2010,Seletar,No Data,,,,,,,
2010,Sembawang,,1749,2722,12975,1504,443,1163,56
2010,Sengkang,,3426,6327,31071,3216,988,2661,99
2010,Serangoon,,4849,4090,21881,2536,623,1829,178
2010,Simpang,No Data,,,,,,,
2010,Singapore River,,426,150,199,8,0,14,0
2010,Southern Islands,No Data,,,,,,,
2010,Straits View,No Data,,,,,,,
2010,Sungei Kadut,No Data,,,,,,,
2010,Tampines,,9075,7250,46655,5244,1165,3999,203
2010,Tanglin,,1276,1029,2796,225,18,214,31
2010,Tengah,No Data,,,,,,,
2010,Toa Payoh,,11411,5771,21364,2354,529,1479,68
2010,Tuas,No Data,,,,,,,
2010,Western Islands,No Data,,,,,,,
2010,Western Water Catchment,No Data,,,,,,,
2010,Woodlands,,7970,7324,42138,4908,1485,4149,305
2010,Yishun,,7673,5749,32255,3601,1133,2968,197
2015,Ang Mo Kio,,14200,9100,32900,3000,,,
2015,Bedok,,17800,13100,50200,6100,,,
2015,Bishan,,4000,3500,16900,2200,,,
2015,Boon Lay,,0,0,0,0,,,
2015,Bukit Batok,,7400,5300,26300,2800,,,
2015,Bukit Merah,,15300,9400,25600,2500,,,
2015,Bukit Panjang,,4200,5300,26300,2900,,,
2015,Bukit Timah,,3100,3800,14500,900,,,
2015,Central Water Catchment,,0,0,0,0,,,
2015,Changi,,0,0,0,0,,,
2015,Changi Bay,,0,0,0,0,,,
2015,Choa Chu Kang,,4500,5000,32200,3900,,,
2015,Clementi,,7000,4800,15500,1500,,,
2015,Downtown Core,,0,0,0,0,,,
2015,Geylang,,9700,5300,18900,2000,,,
2015,Hougang,,8500,7500,40600,3400,,,
2015,Jurong East,,4600,3200,14500,1600,,,
2015,Jurong West,,9500,10300,50900,4700,,,
2015,Kallang,,10700,5500,17500,1300,,,
2015,Lim Chu Kang,,0,0,0,0,,,
2015,Mandai,,0,0,0,0,,,
2015,Marina East,,0,0,0,0,,,
2015,Marina South,,0,0,0,0,,,
2015,Marine Parade,,3200,2700,7800,600,,,
2015,Museum,,0,0,0,0,,,
2015,Newton,,0,0,0,0,,,
2015,North-Eastern Islands,,0,0,0,0,,,
2015,Novena,,3100,2500,8900,700,,,
2015,Orchard,,0,0,0,0,,,
2015,Outram,,3300,1300,3400,200,,,
2015,Pasir Ris,,4200,4700,25900,3300,,,
2015,Paya Lebar,,0,0,0,0,,,
2015,Pioneer,,0,0,0,0,,,
2015,Punggol,,2500,5900,21200,1800,,,
2015,Queenstown,,10600,4800,17100,1700,,,
2015,River Valley,,0,0,0,0,,,
2015,Rochor,,0,0,0,0,,,
2015,Seletar,,0,0,0,0,,,
2015,Sembawang,,1800,3100,15400,1300,,,
2015,Sengkang,,4200,10400,42000,4100,,,
2015,Serangoon,,6100,4500,23300,2400,,,
2015,Simpang,,0,0,0,0,,,
2015,Singapore River,,0,0,0,0,,,
2015,Southern Islands,,0,0,0,0,,,
2015,Straits View,,0,0,0,0,,,
2015,Sungei Kadut,,0,0,0,0,,,
2015,Tampines,,11700,9600,48200,4700,,,
2015,Tanglin,,1600,1400,3400,300,,,
2015,Tengah,,0,0,0,0,,,
2015,Toa Payoh,,11100,7100,21000,2100,,,
2015,Tuas,,0,0,0,0,,,
2015,Western Islands,,0,0,0,0,,,
2015,Western Water Catchment,,0,0,0,0,,,
2015,Woodlands,,8700,9500,42000,4700,,,
2015,Yishun,,9800,9200,35300,3800,,,
2020,Ang Mo Kio,,17570,9155,27722,3080,578,2060,54
2020,Bedok,,24964,14879,46928,5189,1156,4142,294
2020,Bishan,,6289,4382,15588,1582,250,1292,63
2020,Boon Lay,,0,0,0,0,0,0,0
2020,Bukit Batok,,11040,8815,29501,2547,532,1742,119
2020,Bukit Merah,,19906,9663,25650,2354,496,1559,72
2020,Bukit Panjang,,6824,6049,25750,2234,627,2018,78
2020,Bukit Timah,,3984,3687,13794,1356,246,1438,108
2020,Central Water Catchment,,0,0,0,0,0,0,0
2020,Changi,,0,0,0,0,0,0,0
2020,Changi Bay,,0,0,0,0,0,0,0
2020,Choa Chu Kang,,7081,7972,35574,3806,973,2519,99
2020,Clementi,,8963,5194,16470,1424,320,1197,41
2020,Downtown Core,,807,298,385,9,16,32,0
2020,Geylang,,14059,6268,17881,1895,330,1495,132
2020,Hougang,,15268,11161,40156,4082,1075,3144,223
2020,Jurong East,,6171,4469,13594,1402,329,1182,67
2020,Jurong West,,15145,12509,45993,4914,1423,3674,221
2020,Kallang,,14446,6689,16528,1647,326,1176,21
2020,Lim Chu Kang,,0,0,0,0,0,0,0
2020,Mandai,,0,0,0,0,0,0,0
2020,Marina East,,0,0,0,0,0,0,0
2020,Marina South,,0,0,0,0,0,0,0
2020,Marine Parade,,4768,2579,7954,923,171,621,53
2020,Museum,,0,0,0,0,0,0,0
2020,Newton,,0,0,0,0,0,0,0
2020,North-Eastern Islands,,0,0,0,0,0,0,0
2020,Novena,,5003,2940,8726,843,120,583,65
2020,Orchard,,0,0,0,0,0,0,0
2020,Outram,,3605,1227,2714,251,48,194,14
2020,Pasir Ris,,6448,6006,26324,3000,843,1998,180
2020,Paya Lebar,,0,0,0,0,0,0,0
2020,Pioneer,,0,0,0,0,0,0,0
2020,Punggol,,7069,9839,32832,3531,522,2311,61
2020,Queenstown,,11632,6339,16310,1617,196,930,28
2020,River Valley,,1194,728,1793,105,17,134,5
2020,Rochor,,0,0,0,0,0,0,0
2020,Seletar,,0,0,0,0,0,0,0
2020,Sembawang,,5513,5365,17911,2185,483,1493,100
2020,Sengkang,,11107,12053,46691,5138,816,3446,124
2020,Serangoon,,7817,5584,19498,2331,600,2114,143
2020,Simpang,,0,0,0,0,0,0,0
2020,Singapore River,,0,0,0,0,0,0,0
2020,Southern Islands,,0,0,0,0,0,0,0
2020,Straits View,,0,0,0,0,0,0,0
2020,Sungei Kadut,,0,0,0,0,0,0,0
2020,Tampines,,14991,12649,45002,5474,1333,3981,250
2020,Tanglin,,1880,1488,3887,284,81,277,42
2020,Tengah,,0,0,0,0,0,0,0
2020,Toa Payoh,,15327,7013,19995,2565,443,1503,33
2020,Tuas,,0,0,0,0,0,0,0
2020,Western Islands,,0,0,0,0,0,0,0
2020,Western Water Catchment,,0,0,0,0,0,0,0
2020,Woodlands,,13270,10292,44462,5314,1422,3966,113
2020,Yishun,,15545,11621,39819,4294,949,3017,158
