name,Latitude,Longitude,geometry,index_right,Name,Description,planning_area,region
ANDERSON SERANGOON JUNIOR COLLEGE,1.3650925,103.8878158,POINT (103.8878158 1.3650925),10,kml_11,"<center><table><tr><th colspan='2' align='center'><em>Attributes</em></th></tr><tr bgcolor=""#E3E3F3""> <th>PLN_AREA_N</th> <td>HOUGANG</td> </tr><tr bgcolor=""""> <th>PLN_AREA_C</th> <td>HG</td> </tr><tr bgcolor=""#E3E3F3""> <th>CA_IND</th> <td>N</td> </tr><tr bgcolor=""""> <th>REGION_N</th> <td>NORTH-EAST REGION</td> </tr><tr bgcolor=""#E3E3F3""> <th>REGION_C</th> <td>NER</td> </tr><tr bgcolor=""""> <th>INC_CRC</th> <td>F84184E6D4F3B1DD</td> </tr><tr bgcolor=""#E3E3F3""> <th>FMEL_UPD_D</th> <td>20191223152014</td> </tr></table></center>",Hougang,North-East Region
ANGLO-CHINESE JUNIOR COLLEGE,1.3031354,103.785109,POINT (103.785109 1.3031354),16,kml_17,"<center><table><tr><th colspan='2' align='center'><em>Attributes</em></th></tr><tr bgcolor=""#E3E3F3""> <th>PLN_AREA_N</th> <td>QUEENSTOWN</td> </tr><tr bgcolor=""""> <th>PLN_AREA_C</th> <td>QT</td> </tr><tr bgcolor=""#E3E3F3""> <th>CA_IND</th> <td>N</td> </tr><tr bgcolor=""""> <th>REGION_N</th> <td>CENTRAL REGION</td> </tr><tr bgcolor=""#E3E3F3""> <th>REGION_C</th> <td>CR</td> </tr><tr bgcolor=""""> <th>INC_CRC</th> <td>C0170DF008A88671</td> </tr><tr bgcolor=""#E3E3F3""> <th>FMEL_UPD_D</th> <td>20191223152014</td> </tr></table></center>",Queenstown,Central Region
ANGLO-CHINESE SCHOOL (JUNIOR),1.3090345,103.8416385,POINT (103.8416385 1.3090345),43,kml_44,"<center><table><tr><th colspan='2' align='center'><em>Attributes</em></th></tr><tr bgcolor=""#E3E3F3""> <th>PLN_AREA_N</th> <td>NEWTON</td> </tr><tr bgcolor=""""> <th>PLN_AREA_C</th> <td>NT</td> </tr><tr bgcolor=""#E3E3F3""> <th>CA_IND</th> <td>Y</td> </tr><tr bgcolor=""""> <th>REGION_N</th> <td>CENTRAL REGION</td> </tr><tr bgcolor=""#E3E3F3""> <th>REGION_C</th> <td>CR</td> </tr><tr bgcolor=""""> <th>INC_CRC</th> <td>CA9E31D40EA28EE6</td> </tr><tr bgcolor=""#E3E3F3""> <th>FMEL_UPD_D</th> <td>20191223152014</td> </tr></table></center>",Newton,Central Region
CATHOLIC JUNIOR COLLEGE,1.3249907,103.8354662,POINT (103.8354662 1.3249907),24,kml_25,"<center><table><tr><th colspan='2' align='center'><em>Attributes</em></th></tr><tr bgcolor=""#E3E3F3""> <th>PLN_AREA_N</th> <td>NOVENA</td> </tr><tr bgcolor=""""> <th>PLN_AREA_C</th> <td>NV</td> </tr><tr bgcolor=""#E3E3F3""> <th>CA_IND</th> <td>N</td> </tr><tr bgcolor=""""> <th>REGION_N</th> <td>CENTRAL REGION</td> </tr><tr bgcolor=""#E3E3F3""> <th>REGION_C</th> <td>CR</td> </tr><tr bgcolor=""""> <th>INC_CRC</th> <td>26D3DCBD67CE3F87</td> </tr><tr bgcolor=""#E3E3F3""> <th>FMEL_UPD_D</th> <td>20191223152014</td> </tr></table></center>",Novena,Central Region
EUNOIA JUNIOR COLLEGE,1.3626165,103.8394527,POINT (103.8394527 1.3626165),50,kml_51,"<center><table><tr><th colspan='2' align='center'><em>Attributes</em></th></tr><tr bgcolor=""#E3E3F3""> <th>PLN_AREA_N</th> <td>BISHAN</td> </tr><tr bgcolor=""""> <th>PLN_AREA_C</th> <td>BS</td> </tr><tr bgcolor=""#E3E3F3""> <th>CA_IND</th> <td>N</td> </tr><tr bgcolor=""""> <th>REGION_N</th> <td>CENTRAL REGION</td> </tr><tr bgcolor=""#E3E3F3""> <th>REGION_C</th> <td>CR</td> </tr><tr bgcolor=""""> <th>INC_CRC</th> <td>741583155DB92ACF</td> </tr><tr bgcolor=""#E3E3F3""> <th>FMEL_UPD_D</th> <td>20191223152014</td> </tr></table></center>",Bishan,Central Region
JURONG PIONEER JUNIOR COLLEGE,1.3847446,103.753857,POINT (103.753857 1.3847446),8,kml_9,"<center><table><tr><th colspan='2' align='center'><em>Attributes</em></th></tr><tr bgcolor=""#E3E3F3""> <th>PLN_AREA_N</th> <td>CHOA CHU KANG</td> </tr><tr bgcolor=""""> <th>PLN_AREA_C</th> <td>CK</td> </tr><tr bgcolor=""#E3E3F3""> <th>CA_IND</th> <td>N</td> </tr><tr bgcolor=""""> <th>REGION_N</th> <td>WEST REGION</td> </tr><tr bgcolor=""#E3E3F3""> <th>REGION_C</th> <td>WR</td> </tr><tr bgcolor=""""> <th>INC_CRC</th> <td>BE26F2C074519A79</td> </tr><tr bgcolor=""#E3E3F3""> <th>FMEL_UPD_D</th> <td>20191223152014</td> </tr></table></center>",Choa Chu Kang,West Region
MONTFORT JUNIOR SCHOOL,1.373863,103.8895082,POINT (103.8895082 1.373863),10,kml_11,"<center><table><tr><th colspan='2' align='center'><em>Attributes</em></th></tr><tr bgcolor=""#E3E3F3""> <th>PLN_AREA_N</th> <td>HOUGANG</td> </tr><tr bgcolor=""""> <th>PLN_AREA_C</th> <td>HG</td> </tr><tr bgcolor=""#E3E3F3""> <th>CA_IND</th> <td>N</td> </tr><tr bgcolor=""""> <th>REGION_N</th> <td>NORTH-EAST REGION</td> </tr><tr bgcolor=""#E3E3F3""> <th>REGION_C</th> <td>NER</td> </tr><tr bgcolor=""""> <th>INC_CRC</th> <td>F84184E6D4F3B1DD</td> </tr><tr bgcolor=""#E3E3F3""> <th>FMEL_UPD_D</th> <td>20191223152014</td> </tr></table></center>",Hougang,North-East Region
NANYANG JUNIOR COLLEGE,1.3503224,103.8664323,POINT (103.8664323 1.3503224),20,kml_21,"<center><table><tr><th colspan='2' align='center'><em>Attributes</em></th></tr><tr bgcolor=""#E3E3F3""> <th>PLN_AREA_N</th> <td>SERANGOON</td> </tr><tr bgcolor=""""> <th>PLN_AREA_C</th> <td>SG</td> </tr><tr bgcolor=""#E3E3F3""> <th>CA_IND</th> <td>N</td> </tr><tr bgcolor=""""> <th>REGION_N</th> <td>NORTH-EAST REGION</td> </tr><tr bgcolor=""#E3E3F3""> <th>REGION_C</th> <td>NER</td> </tr><tr bgcolor=""""> <th>INC_CRC</th> <td>17813E1F4CEBB72E</td> </tr><tr bgcolor=""#E3E3F3""> <th>FMEL_UPD_D</th> <td>20191223152014</td> </tr></table></center>",Serangoon,North-East Region
NATIONAL JUNIOR COLLEGE,1.330476,103.8045,POINT (103.8045 1.330476),5,kml_6,"<center><table><tr><th colspan='2' align='center'><em>Attributes</em></th></tr><tr bgcolor=""#E3E3F3""> <th>PLN_AREA_N</th> <td>BUKIT TIMAH</td> </tr><tr bgcolor=""""> <th>PLN_AREA_C</th> <td>BT</td> </tr><tr bgcolor=""#E3E3F3""> <th>CA_IND</th> <td>N</td> </tr><tr bgcolor=""""> <th>REGION_N</th> <td>CENTRAL REGION</td> </tr><tr bgcolor=""#E3E3F3""> <th>REGION_C</th> <td>CR</td> </tr><tr bgcolor=""""> <th>INC_CRC</th> <td>DB3037AA30D8CCDD</td> </tr><tr bgcolor=""#E3E3F3""> <th>FMEL_UPD_D</th> <td>20191223152014</td> </tr></table></center>",Bukit Timah,Central Region
ST. ANDREW'S JUNIOR COLLEGE,1.333255,103.8631819,POINT (103.8631819 1.333255),28,kml_29,"<center><table><tr><th colspan='2' align='center'><em>Attributes</em></th></tr><tr bgcolor=""#E3E3F3""> <th>PLN_AREA_N</th> <td>TOA PAYOH</td> </tr><tr bgcolor=""""> <th>PLN_AREA_C</th> <td>TP</td> </tr><tr bgcolor=""#E3E3F3""> <th>CA_IND</th> <td>N</td> </tr><tr bgcolor=""""> <th>REGION_N</th> <td>CENTRAL REGION</td> </tr><tr bgcolor=""#E3E3F3""> <th>REGION_C</th> <td>CR</td> </tr><tr bgcolor=""""> <th>INC_CRC</th> <td>85DD6CFD19B09A35</td> </tr><tr bgcolor=""#E3E3F3""> <th>FMEL_UPD_D</th> <td>20191223152014</td> </tr></table></center>",Toa Payoh,Central Region
ST. ANDREW'S JUNIOR SCHOOL,1.3309872,103.8652758,POINT (103.8652758 1.3309872),28,kml_29,"<center><table><tr><th colspan='2' align='center'><em>Attributes</em></th></tr><tr bgcolor=""#E3E3F3""> <th>PLN_AREA_N</th> <td>TOA PAYOH</td> </tr><tr bgcolor=""""> <th>PLN_AREA_C</th> <td>TP</td> </tr><tr bgcolor=""#E3E3F3""> <th>CA_IND</th> <td>N</td> </tr><tr bgcolor=""""> <th>REGION_N</th> <td>CENTRAL REGION</td> </tr><tr bgcolor=""#E3E3F3""> <th>REGION_C</th> <td>CR</td> </tr><tr bgcolor=""""> <th>INC_CRC</th> <td>85DD6CFD19B09A35</td> </tr><tr bgcolor=""#E3E3F3""> <th>FMEL_UPD_D</th> <td>20191223152014</td> </tr></table></center>",Toa Payoh,Central Region
ST. JOSEPH'S INSTITUTION JUNIOR,1.3173615,103.8454801,POINT (103.8454801 1.3173615),24,kml_25,"<center><table><tr><th colspan='2' align='center'><em>Attributes</em></th></tr><tr bgcolor=""#E3E3F3""> <th>PLN_AREA_N</th> <td>NOVENA</td> </tr><tr bgcolor=""""> <th>PLN_AREA_C</th> <td>NV</td> </tr><tr bgcolor=""#E3E3F3""> <th>CA_IND</th> <td>N</td> </tr><tr bgcolor=""""> <th>REGION_N</th> <td>CENTRAL REGION</td> </tr><tr bgcolor=""#E3E3F3""> <th>REGION_C</th> <td>CR</td> </tr><tr bgcolor=""""> <th>INC_CRC</th> <td>26D3DCBD67CE3F87</td> </tr><tr bgcolor=""#E3E3F3""> <th>FMEL_UPD_D</th> <td>20191223152014</td> </tr></table></center>",Novena,Central Region
TAMPINES MERIDIAN JUNIOR COLLEGE,1.3766538,103.9372656,POINT (103.9372656 1.3766538),13,kml_14,"<center><table><tr><th colspan='2' align='center'><em>Attributes</em></th></tr><tr bgcolor=""#E3E3F3""> <th>PLN_AREA_N</th> <td>PASIR RIS</td> </tr><tr bgcolor=""""> <th>PLN_AREA_C</th> <td>PR</td> </tr><tr bgcolor=""#E3E3F3""> <th>CA_IND</th> <td>N</td> </tr><tr bgcolor=""""> <th>REGION_N</th> <td>EAST REGION</td> </tr><tr bgcolor=""#E3E3F3""> <th>REGION_C</th> <td>ER</td> </tr><tr bgcolor=""""> <th>INC_CRC</th> <td>B375AD2AA1E8E3DB</td> </tr><tr bgcolor=""#E3E3F3""> <th>FMEL_UPD_D</th> <td>20191223152014</td> </tr></table></center>",Pasir Ris,East Region
TEMASEK JUNIOR COLLEGE,1.3572944,103.9561855,POINT (103.9561855 1.3572944),46,kml_47,"<center><table><tr><th colspan='2' align='center'><em>Attributes</em></th></tr><tr bgcolor=""#E3E3F3""> <th>PLN_AREA_N</th> <td>TAMPINES</td> </tr><tr bgcolor=""""> <th>PLN_AREA_C</th> <td>TM</td> </tr><tr bgcolor=""#E3E3F3""> <th>CA_IND</th> <td>N</td> </tr><tr bgcolor=""""> <th>REGION_N</th> <td>EAST REGION</td> </tr><tr bgcolor=""#E3E3F3""> <th>REGION_C</th> <td>ER</td> </tr><tr bgcolor=""""> <th>INC_CRC</th> <td>9988953DFA610218</td> </tr><tr bgcolor=""#E3E3F3""> <th>FMEL_UPD_D</th> <td>20191223152014</td> </tr></table></center>",Tampines,East Region
VICTORIA JUNIOR COLLEGE,1.3060699,103.9198719,POINT (103.9198719 1.3060699),0,kml_1,"<center><table><tr><th colspan='2' align='center'><em>Attributes</em></th></tr><tr bgcolor=""#E3E3F3""> <th>PLN_AREA_N</th> <td>BEDOK</td> </tr><tr bgcolor=""""> <th>PLN_AREA_C</th> <td>BD</td> </tr><tr bgcolor=""#E3E3F3""> <th>CA_IND</th> <td>N</td> </tr><tr bgcolor=""""> <th>REGION_N</th> <td>EAST REGION</td> </tr><tr bgcolor=""#E3E3F3""> <th>REGION_C</th> <td>ER</td> </tr><tr bgcolor=""""> <th>INC_CRC</th> <td>5F00E6FF084F3364</td> </tr><tr bgcolor=""#E3E3F3""> <th>FMEL_UPD_D</th> <td>20191223152014</td> </tr></table></center>",Bedok,East Region
YISHUN INNOVA JUNIOR COLLEGE,1.4252209,103.8311055,POINT (103.8311055 1.4252209),54,kml_55,"<center><table><tr><th colspan='2' align='center'><em>Attributes</em></th></tr><tr bgcolor=""#E3E3F3""> <th>PLN_AREA_N</th> <td>YISHUN</td> </tr><tr bgcolor=""""> <th>PLN_AREA_C</th> <td>YS</td> </tr><tr bgcolor=""#E3E3F3""> <th>CA_IND</th> <td>N</td> </tr><tr bgcolor=""""> <th>REGION_N</th> <td>NORTH REGION</td> </tr><tr bgcolor=""#E3E3F3""> <th>REGION_C</th> <td>NR</td> </tr><tr bgcolor=""""> <th>INC_CRC</th> <td>E56BC88A635A3D89</td> </tr><tr bgcolor=""#E3E3F3""> <th>FMEL_UPD_D</th> <td>20191223152014</td> </tr></table></center>",Yishun,North Region
HWA CHONG INSTITUTION,1.3261287,103.803582,POINT (103.803582 1.3261287),5,kml_6,"<center><table><tr><th colspan='2' align='center'><em>Attributes</em></th></tr><tr bgcolor=""#E3E3F3""> <th>PLN_AREA_N</th> <td>BUKIT TIMAH</td> </tr><tr bgcolor=""""> <th>PLN_AREA_C</th> <td>BT</td> </tr><tr bgcolor=""#E3E3F3""> <th>CA_IND</th> <td>N</td> </tr><tr bgcolor=""""> <th>REGION_N</th> <td>CENTRAL REGION</td> </tr><tr bgcolor=""#E3E3F3""> <th>REGION_C</th> <td>CR</td> </tr><tr bgcolor=""""> <th>INC_CRC</th> <td>DB3037AA30D8CCDD</td> </tr><tr bgcolor=""#E3E3F3""> <th>FMEL_UPD_D</th> <td>20191223152014</td> </tr></table></center>",Bukit Timah,Central Region
RAFFLES INSTITUTION,1.3466071,103.843095,POINT (103.843095 1.3466071),50,kml_51,"<center><table><tr><th colspan='2' align='center'><em>Attributes</em></th></tr><tr bgcolor=""#E3E3F3""> <th>PLN_AREA_N</th> <td>BISHAN</td> </tr><tr bgcolor=""""> <th>PLN_AREA_C</th> <td>BS</td> </tr><tr bgcolor=""#E3E3F3""> <th>CA_IND</th> <td>N</td> </tr><tr bgcolor=""""> <th>REGION_N</th> <td>CENTRAL REGION</td> </tr><tr bgcolor=""#E3E3F3""> <th>REGION_C</th> <td>CR</td> </tr><tr bgcolor=""""> <th>INC_CRC</th> <td>741583155DB92ACF</td> </tr><tr bgcolor=""#E3E3F3""> <th>FMEL_UPD_D</th> <td>20191223152014</td> </tr></table></center>",Bishan,Central Region
YISHUN INNOVA JUNIOR COLLEGE,1.425226683,103.831103,POINT (103.831103 1.425226683),54,kml_55,"<center><table><tr><th colspan='2' align='center'><em>Attributes</em></th></tr><tr bgcolor=""#E3E3F3""> <th>PLN_AREA_N</th> <td>YISHUN</td> </tr><tr bgcolor=""""> <th>PLN_AREA_C</th> <td>YS</td> </tr><tr bgcolor=""#E3E3F3""> <th>CA_IND</th> <td>N</td> </tr><tr bgcolor=""""> <th>REGION_N</th> <td>NORTH REGION</td> </tr><tr bgcolor=""#E3E3F3""> <th>REGION_C</th> <td>NR</td> </tr><tr bgcolor=""""> <th>INC_CRC</th> <td>E56BC88A635A3D89</td> </tr><tr bgcolor=""#E3E3F3""> <th>FMEL_UPD_D</th> <td>20191223152014</td> </tr></table></center>",Yishun,North Region
