Town name,BTO name,Project type,Launch date,Estimated completion date,Type,Total,Full brochure,Launch brochure,Notes & Errata
Bedok,Bayshore Palms,HS-BTO,16 Oct 2024,47 months,plus,710,"<a href=""/hdb-brochures/bto-2024-10/bayshore_palms.pdf"" target=""_blank"" rel=""noreferrer noopener"">brochure</a>",,
Bedok,Bayshore Vista,HS-BTO,16 Oct 2024,45 months,plus,734,"<a href=""/hdb-brochures/bto-2024-10/bayshore_vista.pdf"" target=""_blank"" rel=""noreferrer noopener"">brochure</a>",,
Ang Mo Kio,Central Trio @ AMK,HS-BTO,16 Oct 2024,59 months,plus,422,"<a href=""/hdb-brochures/bto-2024-10/central_trio_@_amk.pdf"" target=""_blank"" rel=""noreferrer noopener"">brochure</a>",,
Pasir Ris,Costa Riviera I & II,HS-BTO,16 Oct 2024,37 / 38 months,standard,767,"<a href=""/hdb-brochures/bto-2024-10/costa_riviera_I_II.pdf"" target=""_blank"" rel=""noreferrer noopener"">brochure</a>",,
Kallang/Whampoa,Crawford Heights,HS-BTO,16 Oct 2024,50 months,PRIME,312,"<a href=""/hdb-brochures/bto-2024-10/crawford_heights.pdf"" target=""_blank"" rel=""noreferrer noopener"">brochure</a>",,
Sengkang,Fernvale Oasis,HS-BTO,16 Oct 2024,33 months,standard,851,"<a href=""/hdb-brochures/bto-2024-10/fernvale_oasis.pdf"" target=""_blank"" rel=""noreferrer noopener"">brochure</a>",,
Sengkang,Fernvale Sails,HS-BTO,16 Oct 2024,27 months,standard,545,"<a href=""/hdb-brochures/bto-2024-10/fernvale_sails.pdf"" target=""_blank"" rel=""noreferrer noopener"">brochure</a>",,
Kallang/Whampoa,Kallang View,HS-BTO,16 Oct 2024,43 months,plus,271,"<a href=""/hdb-brochures/bto-2024-10/kallang_view.pdf"" target=""_blank"" rel=""noreferrer noopener"">brochure</a>",,
Bedok,Kembangan Wave,HS-BTO,16 Oct 2024,41 months,plus,348,"<a href=""/hdb-brochures/bto-2024-10/kembangan_wave.pdf"" target=""_blank"" rel=""noreferrer noopener"">brochure</a>",,
Woodlands,Marsiling Ridge,HS-BTO,16 Oct 2024,43 months,standard,292,"<a href=""/hdb-brochures/bto-2024-10/marsiling_ridge.pdf"" target=""_blank"" rel=""noreferrer noopener"">brochure</a>",,
Geylang,Merpati Alcove,HS-BTO,16 Oct 2024,44 months,plus,433,"<a href=""/hdb-brochures/bto-2024-10/merpati_alcove.pdf"" target=""_blank"" rel=""noreferrer noopener"">brochure</a>",,
Jurong West,Taman Jurong Skyline,HS-BTO,16 Oct 2024,52 months,standard,1844,"<a href=""/hdb-brochures/bto-2024-10/taman_jurong_skyline.pdf"" target=""_blank"" rel=""noreferrer noopener"">brochure</a>",,
Kallang/Whampoa,Towner Breeze,HS-BTO,16 Oct 2024,48 months,plus,355,"<a href=""/hdb-brochures/bto-2024-10/towner_breeze.pdf"" target=""_blank"" rel=""noreferrer noopener"">brochure</a>",,
Bukit Batok,West BrickVille @ Bukit Batok,HS-BTO,16 Oct 2024,24 months,standard,689,"<a href=""/hdb-brochures/bto-2024-10/west_brickville_@_bukit_batok.pdf"" target=""_blank"" rel=""noreferrer noopener"">brochure</a>",,
Yishun,Chencharu Hills,HS-BTO,19 Jun 2024,44 / 45 months,non-m,1277,"<a href=""/hdb-brochures/bto-2024-06/chencharu_hills.pdf"" target=""_blank"" rel=""noreferrer noopener"">brochure</a>",,
Queenstown,Holland Vista,HS-BTO,19 Jun 2024,57 months,PLH,342,"<a href=""/hdb-brochures/bto-2024-06/holland_vista.pdf"" target=""_blank"" rel=""noreferrer noopener"">brochure</a>",,
Woodlands,Marsiling Peak I & II,HS-BTO,19 Jun 2024,35 / 54 months,non-m,1609,"<a href=""/hdb-brochures/bto-2024-06/marsiling_peak_I_II.pdf"" target=""_blank"" rel=""noreferrer noopener"">brochure</a>",,
Tampines,Tampines GreenTopaz,HS-BTO,19 Jun 2024,37 months,mature,561,"<a href=""/hdb-brochures/bto-2024-06/tampines_greentopaz.pdf"" target=""_blank"" rel=""noreferrer noopener"">brochure</a>",,
Kallang/Whampoa,Tanjong Rhu Riverfront I & II,HS-BTO,19 Jun 2024,48 / 55 months,PLH,2063,"<a href=""/hdb-brochures/bto-2024-06/tanjong_rhu_riverfront_I_II.pdf"" target=""_blank"" rel=""noreferrer noopener"">brochure</a>",,
Jurong West,Teban Breeze,HS-BTO,19 Jun 2024,54 months,non-m,1086,"<a href=""/hdb-brochures/bto-2024-06/teban_breeze.pdf"" target=""_blank"" rel=""noreferrer noopener"">brochure</a>",,
Bedok,Bedok North Springs,HS-BTO,21 Feb 2024,38 months,mature,433,"<a href=""/hdb-brochures/bto-2024-02/bedok_north_springs.pdf"" target=""_blank"" rel=""noreferrer noopener"">brochure</a>",,
Bedok,Bedok South Bloom,HS-BTO,21 Feb 2024,40 months,mature,528,"<a href=""/hdb-brochures/bto-2024-02/bedok_south_bloom.pdf"" target=""_blank"" rel=""noreferrer noopener"">brochure</a>",,
Punggol,Matilda Riverside,HS-BTO,21 Feb 2024,37 months,non-m,962,"<a href=""/hdb-brochures/bto-2024-02/matilda_riverside.pdf"" target=""_blank"" rel=""noreferrer noopener"">brochure</a>",,
Choa Chu Kang,Rail Garden @ CCK,HS-BTO,21 Feb 2024,45 months,non-m,465,"<a href=""/hdb-brochures/bto-2024-02/rail_garden_@_cck.pdf"" target=""_blank"" rel=""noreferrer noopener"">brochure</a>",,
Queenstown,Tanglin Halt Courtyard,HS-BTO,21 Feb 2024,58 months,PLH,251,"<a href=""/hdb-brochures/bto-2024-02/tanglin_halt_courtyard.pdf"" target=""_blank"" rel=""noreferrer noopener"">brochure</a>",,
Hougang,Tanjong Tree Residences @ Hougang,HS-BTO,21 Feb 2024,39 months,non-m,360,"<a href=""/hdb-brochures/bto-2024-02/tanjong_tree_residences_@_hougang.pdf"" target=""_blank"" rel=""noreferrer noopener"">brochure</a>",,
Woodlands,Woodgrove Edge,HS-BTO,21 Feb 2024,38/39 months,non-m,1127,"<a href=""/hdb-brochures/bto-2024-02/woodgrove_edge.pdf"" target=""_blank"" rel=""noreferrer noopener"">brochure</a>",,
Bukit Merah,Alexandra Peaks,HS-BTO,05 Dec 2023,59 months,PLH,904,"<a href=""/hdb-brochures/bto-2023-12/alexandra_peaks.pdf"" target=""_blank"" rel=""noreferrer noopener"">brochure</a>",,
Bedok,Chai Chee Green,HS-BTO,05 Dec 2023,39 / 43 months,mature,1234,"<a href=""/hdb-brochures/bto-2023-12/chai_chee_green.pdf"" target=""_blank"" rel=""noreferrer noopener"">brochure</a>",,
Jurong West,Jurong Arcadia,HS-BTO,05 Dec 2023,37 months,non-m,716,"<a href=""/hdb-brochures/bto-2023-12/jurong_arcadia.pdf"" target=""_blank"" rel=""noreferrer noopener"">brochure</a>",,
Bukit Panjang,Petir Park Edge,HS-BTO,05 Dec 2023,48 months,non-m,334,"<a href=""/hdb-brochures/bto-2023-12/petir_park_edge.pdf"" target=""_blank"" rel=""noreferrer noopener"">brochure</a>",,
Bishan,Sin Ming Residences,HS-BTO,05 Dec 2023,32 months,mature,732,"<a href=""/hdb-brochures/bto-2023-12/sin_ming_residences.pdf"" target=""_blank"" rel=""noreferrer noopener"">brochure</a>",,
Queenstown,Ulu Pandan Vista,HS-BTO,05 Dec 2023,59 months,PLH,890,"<a href=""/hdb-brochures/bto-2023-12/ulu_pandan_vista.pdf"" target=""_blank"" rel=""noreferrer noopener"">brochure</a>",,
Woodlands,Urban Rise @ Woodlands,HS-BTO,05 Dec 2023,51 months,non-m,848,"<a href=""/hdb-brochures/bto-2023-12/urban_rise_@_woodlands.pdf"" target=""_blank"" rel=""noreferrer noopener"">brochure</a>",,
Woodlands,Woodlands Beacon,HS-BTO,05 Dec 2023,50 months,non-m,399,"<a href=""/hdb-brochures/bto-2023-12/woodlands_beacon.pdf"" target=""_blank"" rel=""noreferrer noopener"">brochure</a>",,
Tengah,Plantation Edge I & II,HS-BTO,04 Oct 2023,36 / 40 months,non-m,1010,"<a href=""/hdb-brochures/bto-2023-10/plantation_edge_I_II.pdf"" target=""_blank"" rel=""noreferrer noopener"">brochure</a>",,
Choa Chu Kang,Rail Green I & II @ CCK,HS-BTO,04 Oct 2023,39 / 48 months,non-m,1895,"<a href=""/hdb-brochures/bto-2023-10/rail_green_I_II_@_cck.pdf"" target=""_blank"" rel=""noreferrer noopener"">brochure</a>",,
Kallang/Whampoa,Rajah Residences,HS-BTO,04 Oct 2023,52 months,mature,739,"<a href=""/hdb-brochures/bto-2023-10/rajah_residences.pdf"" target=""_blank"" rel=""noreferrer noopener"">brochure</a>",,
Queenstown,Tanglin Halt Cascadia,HS-BTO,04 Oct 2023,54 months,PLH,973,"<a href=""/hdb-brochures/bto-2023-10/tanglin_halt_cascadia.pdf"" target=""_blank"" rel=""noreferrer noopener"">brochure</a>",,
Kallang/Whampoa,Tenteram Vantage,HS-BTO,04 Oct 2023,45 months,mature,1040,"<a href=""/hdb-brochures/bto-2023-10/tenteram_vantage.pdf"" target=""_blank"" rel=""noreferrer noopener"">brochure</a>",,
Kallang/Whampoa,Verandah @ Kallang,HS-BTO,04 Oct 2023,42 months,PLH,1143,"<a href=""/hdb-brochures/bto-2023-10/verandah_@_kallang.pdf"" target=""_blank"" rel=""noreferrer noopener"">brochure</a>",,
Bedok,Bedok South Blossoms,HS-BTO,30 May 2023,3Q 2027,mature,1640,"<a href=""/hdb-brochures/bto-2023-05/bedok_south_blossoms.pdf"" target=""_blank"" rel=""noreferrer noopener"">brochure</a>",,
Kallang/Whampoa,Farrer Park Arena,HS-BTO,30 May 2023,4Q 2027,PLH,569,"<a href=""/hdb-brochures/bto-2023-05/farrer_park_arena.pdf"" target=""_blank"" rel=""noreferrer noopener"">brochure</a>",,
Serangoon,Serangoon North Vista,HS-BTO,30 May 2023,3Q 2027,mature,330,"<a href=""/hdb-brochures/bto-2023-05/serangoon_north_vista.pdf"" target=""_blank"" rel=""noreferrer noopener"">brochure</a>",,
Tengah,Parc Meadow @ Tengah,HS-BTO,30 May 2023,1Q 2027 - 2Q 2027,non-m,1985,"<a href=""/hdb-brochures/bto-2023-05/parc_meadow_@_tengah.pdf"" target=""_blank"" rel=""noreferrer noopener"">brochure</a>",,
Tengah,Plantation Verge,HS-BTO,30 May 2023,3Q 2027,non-m,971,"<a href=""/hdb-brochures/bto-2023-05/plantation_verge.pdf"" target=""_blank"" rel=""noreferrer noopener"">brochure</a>",,
Tengah,Brickland Weave,HS-BTO,28 Feb 2023,4Q 2027,non-m,1641,"<a href=""/hdb-brochures/bto-2023-02/brickland_weave.pdf"" target=""_blank"" rel=""noopener"">brochure</a>",,
Kallang/Whampoa,Farrer Park Fields,HS-BTO,28 Feb 2023,2Q 2028,PLH,1274,"<a href=""/hdb-brochures/bto-2023-02/farrer_park_fields.pdf"" target=""_blank"" rel=""noopener"">brochure</a>",,
Jurong West,Jurong West Crystal,HS-BTO,28 Feb 2023,3Q 2027,non-m,271,"<a href=""/hdb-brochures/bto-2023-02/jurong_west_crystal.pdf"" target=""_blank"" rel=""noopener"">brochure</a>",,
Kallang/Whampoa,Rajah Summit,HS-BTO,28 Feb 2023,2Q 2028,mature,510,"<a href=""/hdb-brochures/bto-2023-02/rajah_summit.pdf"" target=""_blank"" rel=""noopener"">brochure</a>",,
Queenstown,Ulu Pandan Glades,HS-BTO,28 Feb 2023,2Q 2029,PLH,732,"<a href=""/hdb-brochures/bto-2023-02/ulu_pandan_glades.pdf"" target=""_blank"" rel=""noopener"">brochure</a>",,
Yishun,Aranda Breeze @ Yishun,HS-BTO,23 Nov 2022,2Q 2028,non-m,699,"<a href=""/hdb-brochures/bto-2022-11/Aranda_Breeze_@_Yishun.pdf"" target=""_blank"" rel=""noopener"">brochure</a>",,
Tengah,Garden Waterfront I & II @ Tengah,HS-BTO,23 Nov 2022,1Q 2027,non-m,2077,"<a href=""/hdb-brochures/bto-2022-11/Garden_Waterfront_I_II_@_Tengah.pdf"" target=""_blank"" rel=""noopener"">brochure</a>",,
Queenstown,Ghim Moh Natura,HS-BTO,23 Nov 2022,1Q 2028,PLH,991,"<a href=""/hdb-brochures/bto-2022-11/Ghim_Moh_Natura.pdf"" target=""_blank"" rel=""noopener"">brochure</a>",,
Kallang/Whampoa,Kallang Horizon,HS-BTO,23 Nov 2022,1Q 2028,PLH,477,"<a href=""/hdb-brochures/bto-2022-11/Kallang_Horizon.pdf"" target=""_blank"" rel=""noopener"">brochure</a>",,
Yishun,Miltonia Breeze @ Yishun,HS-BTO,23 Nov 2022,2Q 2029,non-m,1334,"<a href=""/hdb-brochures/bto-2022-11/Miltonia_Breeze_@_Yishun.pdf"" target=""_blank"" rel=""noopener"">brochure</a>",,
Queenstown,Queensway Canopy,HS-BTO,23 Nov 2022,4Q 2028,mature,996,"<a href=""/hdb-brochures/bto-2022-11/Queensway_Canopy.pdf"" target=""_blank"" rel=""noopener"">brochure</a>",,
Queenstown,Ulu Pandan Banks,HS-BTO,23 Nov 2022,3Q 2029,PLH,1330,"<a href=""/hdb-brochures/bto-2022-11/Ulu_Pandan_Banks.pdf"" target=""_blank"" rel=""noopener"">brochure</a>",,
Yishun,Vanda Breeze @ Yishun,HS-BTO,23 Nov 2022,2Q 2029,non-m,961,"<a href=""/hdb-brochures/bto-2022-11/Vanda_Breeze_@_Yishun.pdf"" target=""_blank"" rel=""noopener"">brochure</a>",,
Bukit Batok,West Glades @ Bukit Batok,HS-BTO,23 Nov 2022,1Q 2028,non-m,790,"<a href=""/hdb-brochures/bto-2022-11/West_Glades_@_Bukit_Batok.pdf"" target=""_blank"" rel=""noopener"">brochure</a>",,
Bukit Merah,Alexandra Vale,HS-BTO,30 Aug 2022,2Q 2028,PLH,782,"<a href=""/hdb-brochures/bto-2022-08/Alexandra_Vale.pdf"" target=""_blank"" rel=""noopener"">brochure</a>",,
Ang Mo Kio,Central Weave @ AMK,HS-BTO,30 Aug 2022,2Q 2028,mature,896,"<a href=""/hdb-brochures/bto-2022-08/Central_Weave_@_AMK.pdf"" target=""_blank"" rel=""noopener"">brochure</a>",,
Bukit Merah,Havelock Hillside,HS-BTO,30 Aug 2022,4Q 2028,PLH,869,"<a href=""/hdb-brochures/bto-2022-08/Havelock_Hillside.pdf"" target=""_blank"" rel=""noopener"">brochure</a>",,
Jurong East,Jurong East Breeze,HS-BTO,30 Aug 2022,2Q 2028,non-m,562,"<a href=""/hdb-brochures/bto-2022-08/Jurong_East_Breeze.pdf"" target=""_blank"" rel=""noopener"">brochure</a>",,
Choa Chu Kang,Keat Hong Grange,HS-BTO,30 Aug 2022,4Q 2026,non-m,987,"<a href=""/hdb-brochures/bto-2022-08/Keat_Hong_Grange.pdf"" target=""_blank"" rel=""noopener"">brochure</a>",,
Tampines,Sun Plaza Spring,HS-BTO,30 Aug 2022,2Q 2026,mature,267,"<a href=""/hdb-brochures/bto-2022-08/Sun_Plaza_Spring.pdf"" target=""_blank"" rel=""noopener"">brochure</a>",,
Woodlands,Woodlands South Plains,HS-BTO,30 Aug 2022,1Q 2027,non-m,630,"<a href=""/hdb-brochures/bto-2022-08/Woodlands_South_Plains.pdf"" target=""_blank"" rel=""noopener"">brochure</a>",,
Bukit Merah,Bukit Merah Ridge,HS-BTO,27 May 2022,1Q 2028,PLH,1669,"<a href=""/hdb-brochures/bto-2022-05/Bukit_Merah_Ridge.pdf"" target=""_blank"" rel=""noopener"">brochure</a>",,
Queenstown,Ghim Moh Ascent,HS-BTO,27 May 2022,1Q 2028,PLH,867,"<a href=""/hdb-brochures/bto-2022-05/Ghim_Moh_Ascent.pdf"" target=""_blank"" rel=""noopener"">brochure</a>",,
Toa Payoh,Kim Keat Heights,HS-BTO,27 May 2022,3Q 2027,mature,375,"<a href=""/hdb-brochures/bto-2022-05/Kim_Keat_Heights.pdf"" target=""_blank"" rel=""noopener"">brochure</a>",,
Jurong West,Lakeside View,HS-BTO,27 May 2022,4Q 2026,non-m,1016,"<a href=""/hdb-brochures/bto-2022-05/Lakeside_View.pdf"" target=""_blank"" rel=""noopener"">brochure</a>",,
Yishun,Yishun Beacon,HS-BTO,27 May 2022,2Q 2026,non-m,646,"<a href=""/hdb-brochures/bto-2022-05/Yishun_Beacon.pdf"" target=""_blank"" rel=""noopener"">brochure</a>",,
Geylang,Dakota Crest,HS-BTO,17 Feb 2022,4Q 2027,mature,443,"<a href=""/hdb-brochures/bto-2022-02/Dakota_Crest.pdf"" target=""_blank"" rel=""noopener"">brochure</a>",,
Yishun,Grove Spring @ Yishun,HS-BTO,17 Feb 2022,4Q 2024,non-m,987,"<a href=""/hdb-brochures/bto-2022-02/Grove_Spring_@_Yishun.pdf"" target=""_blank"" rel=""noopener"">brochure</a>",,
Kallang/Whampoa,King George’s Heights,HS-BTO,17 Feb 2022,3Q 2027,PLH,398,"<a href=""/hdb-brochures/bto-2022-02/King_George's_Heights.pdf"" target=""_blank"" rel=""noopener"">brochure</a>",,
Tengah,Parc Flora @ Tengah,HS-BTO,17 Feb 2022,3Q 2025,non-m,560,"<a href=""/hdb-brochures/bto-2022-02/Parc_Flora_@_Tengah.pdf"" target=""_blank"" rel=""noopener"">brochure</a>",,
Tengah,Plantation Creek,HS-BTO,17 Feb 2022,2Q 2026,non-m,713,"<a href=""/hdb-brochures/bto-2022-02/Plantation_Creek.pdf"" target=""_blank"" rel=""noopener"">brochure</a>",,
Yishun,Yishun Boardwalk,HS-BTO,17 Feb 2022,2Q 2025,non-m,852,"<a href=""/hdb-brochures/bto-2022-02/Yishun_Boardwalk.pdf"" target=""_blank"" rel=""noopener"">brochure</a>",,
Choa Chu Kang,Heart of Yew Tee,HS-BTO,17 Nov 2021,3Q 2026,non-m,68,"<a href=""/hdb-brochures/bto-2021-11/Heart_of_Yew_Tee.pdf"" target=""_blank"" rel=""noopener"">brochure</a>",,
Hougang,Hougang Olive,HS-BTO,17 Nov 2021,1Q 2025,non-m,390,"<a href=""/hdb-brochures/bto-2021-11/Hougang_Olive.pdf"" target=""_blank"" rel=""noopener"">brochure</a>",,
Kallang/Whampoa,Kent Heights,HS-BTO,17 Nov 2021,4Q 2026,mature,430,"<a href=""/hdb-brochures/bto-2021-11/Kent_Heights.pdf"" target=""_blank"" rel=""noopener"">brochure</a>",,
Jurong West,Nanyang Opal,HS-BTO,17 Nov 2021,4Q 2025,non-m,221,"<a href=""/hdb-brochures/bto-2021-11/Nanyang_Opal.pdf"" target=""_blank"" rel=""noopener"">brochure</a>",,
Tengah,Parc Clover @ Tengah,HS-BTO,17 Nov 2021,4Q 2024,non-m,1124,"<a href=""/hdb-brochures/bto-2021-11/Parc_Clover_@_Tengah.pdf"" target=""_blank"" rel=""noopener"">brochure</a>",,
Tengah,Parc Glen @ Tengah,HS-BTO,17 Nov 2021,4Q 2024,non-m,1008,"<a href=""/hdb-brochures/bto-2021-11/Parc_Glen_@_Tengah.pdf"" target=""_blank"" rel=""noopener"">brochure</a>",,
Central Area,River Peaks I & II,HS-BTO,17 Nov 2021,2Q 2028,PLH,960,"<a href=""/hdb-brochures/bto-2021-11/River_Peaks_I_&amp;_II.pdf"" target=""_blank"" rel=""noopener"">brochure</a>",,
Hougang,Tanjong Tree Residences @ Hougang,HS-BTO,17 Nov 2021,2Q 2026,non-m,300,"<a href=""/hdb-brochures/bto-2021-11/Tanjong_Tree_Residences_@_Hougang.pdf"" target=""_blank"" rel=""noopener"">brochure</a>",,
Hougang,Hougang Citrine,HS-BTO,11 Aug 2021,1Q 2025,non-m,749,"<a href=""/hdb-brochures/bto-2021-08/Hougang_Citrine.pdf"" target=""_blank"">brochure</a>",,
Hougang,Kovan Wellspring,HS-BTO,11 Aug 2021,3Q 2026,non-m,586,"<a href=""/hdb-brochures/bto-2021-08/Kovan_Wellspring.pdf"" target=""_blank"">brochure</a>",,
Queenstown,Queen's Arc,HS-BTO,11 Aug 2021,3Q 2027,mature,610,"<a href=""/hdb-brochures/bto-2021-08/Queen's_Arc.pdf"" target=""_blank"">brochure</a>",,
Tampines,Tampines GreenJade,HS-BTO,11 Aug 2021,3Q 2025,mature,546,"<a href=""/hdb-brochures/bto-2021-08/Tampines_GreenJade.pdf"" target=""_blank"">brochure</a>",,
Tampines,Tampines GreenQuartz,HS-BTO,11 Aug 2021,2Q 2026,mature,1613,"<a href=""/hdb-brochures/bto-2021-08/Tampines_GreenQuartz.pdf"" target=""_blank"">brochure</a>",,
Jurong East,Toh Guan Grove,HS-BTO,11 Aug 2021,1Q 2026,non-m,569,"<a href=""/hdb-brochures/bto-2021-08/Toh_Guan_Grove.pdf"" target=""_blank"">brochure</a>",,
Kallang/Whampoa,Towner Residences,HS-BTO,11 Aug 2021,4Q 2026,mature,316,"<a href=""/hdb-brochures/bto-2021-08/Towner_Residences.pdf"" target=""_blank"">brochure</a>",,
Tengah,Garden Bloom @ Tengah,HS-BTO,25 May 2021,3Q 2025,non-m,782,"<a href=""/hdb-brochures/bto-2021-05/Garden_Bloom_@_Tengah.pdf"" target=""_blank"">brochure</a>",,
Geylang,MacPherson Weave,HS-BTO,25 May 2021,1Q 2026,mature,1382,"<a href=""/hdb-brochures/bto-2021-05/MacPherson_Weave.pdf"" target=""_blank"">brochure</a>",,
Bukit Merah,Telok Blangah Beacon,HS-BTO,25 May 2021,1Q 2027,mature,175,"<a href=""/hdb-brochures/bto-2021-05/Telok_Blangah_Beacon.pdf"" target=""_blank"">brochure</a>",,
Woodlands,Woodgrove Ascent,HS-BTO,25 May 2021,3Q 2025,non-m,1540,"<a href=""/hdb-brochures/bto-2021-05/Woodgrove_Ascent.pdf"" target=""_blank"">brochure</a>",,
Bidadari,Alkaff Breeze,HS-BTO,04 Feb 2021,2Q 2024,mature,353,"<a href=""/hdb-brochures/bto-2021-02/Alkaff_Breeze.pdf"" target=""_blank"">brochure</a>",,
Bidadari,Bartley GreenRise,HS-BTO,04 Feb 2021,2Q 2025,mature,387,"<a href=""/hdb-brochures/bto-2021-02/Bartley_GreenRise.pdf"" target=""_blank"">brochure</a>",,
Bukit Batok,Harmony Village @ Bukit Batok,HS-BTO,04 Feb 2021,2Q 2024,non-m,169,,,
Kallang/Whampoa,McNair Heights,HS-BTO,04 Feb 2021,2Q 2026,mature,626,"<a href=""/hdb-brochures/bto-2021-02/McNair_Heights.pdf"" target=""_blank"">brochure</a>",,
Tengah,Parc Woods @ Tengah,HS-BTO,04 Feb 2021,1Q 2025,non-m,767,"<a href=""/hdb-brochures/bto-2021-02/Parc_Woods_%40_Tengah.pdf"" target=""_blank"">brochure</a>",,
Bidadari,ParkEdge @ Bidadari,HS-BTO,04 Feb 2021,1Q 2025,mature,476,"<a href=""/hdb-brochures/bto-2021-02/ParkEdge_%40_Bidadari.pdf"" target=""_blank"">brochure</a>",,
Bukit Batok,West Hill @ Bukit Batok,HS-BTO,04 Feb 2021,2Q 2026,non-m,962,"<a href=""/hdb-brochures/bto-2021-02/West_Hill_%40_Bukit_Batok.pdf"" target=""_blank"">brochure</a>",,
Sembawang,Sun Sails,HS-BTO,17 Nov 2020,2Q 2025,non-m,726,"<a href=""/hdb-brochures/bto-2020-11/Sun_Sails.pdf"" target=""_blank"">brochure</a>",,
Tengah,Garden Court @ Tengah,HS-BTO,17 Nov 2020,1Q 2024,non-m,790,"<a href=""/hdb-brochures/bto-2020-11/Garden_Court_%40_Tengah.pdf"" target=""_blank"">brochure</a>",,
Tengah,Garden Terrace @ Tengah,HS-BTO,17 Nov 2020,1Q 2024,non-m,789,"<a href=""/hdb-brochures/bto-2020-11/Garden_Terrace_%40_Tengah.pdf"" target=""_blank"">brochure</a>",,
Bishan,Bishan Ridges,HS-BTO,17 Nov 2020,2Q 2026,mature,1502,"<a href=""/hdb-brochures/bto-2020-11/Bishan_Ridges.pdf"" target=""_blank"">brochure</a>",,
Tampines,Tampines GreenEmerald,HS-BTO,17 Nov 2020,1Q 2025,mature,750,"<a href=""/hdb-brochures/bto-2020-11/Tampines_GreenEmerald.pdf"" target=""_blank"">brochure</a>",,
Toa Payoh,Bartley Beacon,HS-BTO,17 Nov 2020,2Q 2025,mature,880,"<a href=""/hdb-brochures/bto-2020-11/Bartley_Beacon.pdf"" target=""_blank"">brochure</a>",,
Toa Payoh,ParkView @ Bidadari,HS-BTO,17 Nov 2020,1Q 2025,mature,358,"<a href=""/hdb-brochures/bto-2020-11/ParkView_%40_Bidadari.pdf"" target=""_blank"">brochure</a>",,
Choa Chu Kang,Keat Hong Verge,HS-BTO,12 Aug 2020,1Q 2023,non-m,571,"<a href=""/hdb-brochures/bto-2020-08/Keat_Hong_Verge.pdf"" target=""_blank"">brochure</a>",,
Tengah,Parc Residences @ Tengah,HS-BTO,12 Aug 2020,2Q 2025 - 3Q 2025,non-m,1044,"<a href=""/hdb-brochures/bto-2020-08/Parc_Residences_%40_Tengah.pdf"" target=""_blank"">brochure</a>",,
Woodlands,Champions Bliss,HS-BTO,12 Aug 2020,3Q 2024,non-m,349,"<a href=""/hdb-brochures/bto-2020-08/Champions_Bliss.pdf"" target=""_blank"">brochure</a>",,
Woodlands,UrbanVille @ Woodlands,HS-BTO,12 Aug 2020,2Q 2026,non-m,1785,"<a href=""/hdb-brochures/bto-2020-08/UrbanVille_%40_Woodlands.pdf"" target=""_blank"">brochure</a>",,
Ang Mo Kio,Kebun Baru Edge,HS-BTO,12 Aug 2020,1Q 2025,mature,380,"<a href=""/hdb-brochures/bto-2020-08/Kebun_Baru_Edge.pdf"" target=""_blank"">brochure</a>",,
Bishan,Bishan Towers,HS-BTO,12 Aug 2020,2Q 2025,mature,472,"<a href=""/hdb-brochures/bto-2020-08/Bishan_Towers.pdf"" target=""_blank"">brochure</a>",,
Geylang,Dakota One,HS-BTO,12 Aug 2020,2Q 2025,mature,421,"<a href=""/hdb-brochures/bto-2020-08/Dakota_One.pdf"" target=""_blank"">brochure</a>",,
Pasir Ris,Costa Grove,HS-BTO,12 Aug 2020,4Q 2025,mature,1070,"<a href=""/hdb-brochures/bto-2020-08/Costa_Grove.pdf"" target=""_blank"">brochure</a>",,
Tampines,Tampines GreenCrest,HS-BTO,12 Aug 2020,4Q 2023,mature,346,"<a href=""/hdb-brochures/bto-2020-08/Tampines_GreenCrest.pdf"" target=""_blank"">brochure</a>",,
Tampines,Tampines GreenGlade,HS-BTO,12 Aug 2020,3Q 2023,mature,354,"<a href=""/hdb-brochures/bto-2020-08/Tampines_GreenGlade.pdf"" target=""_blank"">brochure</a>",,
Tampines,Tampines GreenOpal,HS-BTO,12 Aug 2020,2Q 2025,mature,1070,"<a href=""/hdb-brochures/bto-2020-08/Tampines_GreenOpal.pdf"" target=""_blank"">brochure</a>",,
Sembawang,Canberra Vista,HS-BTO,11 Feb 2020,2Q 2024 - 3Q 2024,non-m,1467,"<a href=""/hdb-brochures/bto-2020-02/Canberra_Vista.pdf"" target=""_blank"">brochure</a>",,
Toa Payoh,Kim Keat Ripples,HS-BTO,11 Feb 2020,2Q 2024,mature,708,"<a href=""/hdb-brochures/bto-2020-02/Kim_Keat_Ripples.pdf"" target=""_blank"">brochure</a>",,
Toa Payoh,Toa Payoh Ridge,HS-BTO,11 Feb 2020,1Q 2025,mature,920,"<a href=""/hdb-brochures/bto-2020-02/Toa_Payoh_Ridge.pdf"" target=""_blank"">brochure</a>",,
Tengah,Garden Vines @ Tengah,HS-BTO,12 Nov 2019,2Q 2023 - 3Q 2023,non-m,900,"<a href=""/hdb-brochures/bto-2019-11/Garden_Vines_%40_Tengah.pdf"" target=""_blank"">brochure</a>",,
Tengah,Plantation Grange,HS-BTO,12 Nov 2019,3Q 2022 - 4Q 2022,non-m,1140,"<a href=""/hdb-brochures/bto-2019-11/Plantation_Grange.pdf"" target=""_blank"">brochure</a>",,
Tengah,Plantation Village,HS-BTO,12 Nov 2019,4Q 2022 - 1Q 2023,non-m,1420,"<a href=""/hdb-brochures/bto-2019-11/Plantation_Village.pdf"" target=""_blank"">brochure</a>",,
Ang Mo Kio,Yio Chu Kang Beacon,HS-BTO,12 Nov 2019,4Q 2023,mature,454,"<a href=""/hdb-brochures/bto-2019-11/Yio_Chu_Kang_Beacon.pdf"" target=""_blank"">brochure</a>",,
Tampines,Tampines GreenSpring,HS-BTO,12 Nov 2019,4Q 2022 - 1Q 2023,mature,657,"<a href=""/hdb-brochures/bto-2019-11/Tampines_GreenSpring.pdf"" target=""_blank"">brochure</a>",,
Punggol,Punggol Point Cove,HS-BTO,11 Sep 2019,4Q 2023 - 1Q 2024,non-m,1179,"<a href=""/hdb-brochures/bto-2019-09/Punggol_Point_Cove.pdf"" target=""_blank"">brochure</a>",,
Punggol,Punggol Point Crown,HS-BTO,11 Sep 2019,3Q 2023 - 4Q 2023,non-m,1545,"<a href=""/hdb-brochures/bto-2019-09/Punggol_Point_Crown.pdf"" target=""_blank"">brochure</a>",,
Tampines,Tampines GreenGlen,HS-BTO,11 Sep 2019,1Q 2023 - 2Q 2023,mature,649,"<a href=""/hdb-brochures/bto-2019-09/Tampines_GreenGlen.pdf"" target=""_blank"">brochure</a>",,
Tengah,Garden Vale @ Tengah,HS-BTO,22 May 2019,2Q 2023 - 3Q 2023,non-m,987,"<a href=""/hdb-brochures/bto-2019-05/Garden_Vale_@_Tengah.pdf"" target=""_blank"">brochure</a>",,
Tengah,Plantation Acres,HS-BTO,22 May 2019,3Q 2022 - 4Q 2022,non-m,1193,"<a href=""/hdb-brochures/bto-2019-05/Plantation_Acres.pdf"" target=""_blank"">brochure</a>",,
Woodlands,Champions Green,HS-BTO,22 May 2019,3Q 2023 - 4Q 2023,non-m,722,"<a href=""/hdb-brochures/bto-2019-05/Champions_Green.pdf"" target=""_blank"">brochure</a>",,
Kallang/Whampoa,Kempas Residences,HS-BTO,22 May 2019,2Q 2024 - 3Q 2024,mature,583,"<a href=""/hdb-brochures/bto-2019-05/Kempas_Residences.pdf"" target=""_blank"">brochure</a>",,
Jurong West,Boon Lay Glade,HS-BTO,12 Feb 2019,3Q 2022,non-m,775,"<a href=""/hdb-brochures/bto-2019-02/Boon_Lay_Glade.pdf"" target=""_blank"">brochure</a>",,
Jurong West,Jurong West Jewel,HS-BTO,12 Feb 2019,2Q 2022,non-m,599,"<a href=""/hdb-brochures/bto-2019-02/Jurong_West_Jewel.pdf"" target=""_blank"">brochure</a>",,
Sengkang,Fernvale Vines,HS-BTO,12 Feb 2019,4Q 2022 - 1Q 2023,non-m,933,"<a href=""/hdb-brochures/bto-2019-02/Fernvale_Vines.pdf"" target=""_blank"">brochure</a>",,
Kallang/Whampoa,Kallang Breeze,HS-BTO,12 Feb 2019,3Q 2022,mature,411,"<a href=""/hdb-brochures/bto-2019-02/Kallang_Breeze.pdf"" target=""_blank"">brochure</a>",,
Kallang/Whampoa,Towner Crest,HS-BTO,12 Feb 2019,3Q 2023,mature,444,"<a href=""/hdb-brochures/bto-2019-02/Towner_Crest.pdf"" target=""_blank"">brochure</a>",,
Sembawang,EastGlen @ Canberra,HS-BTO,13 Nov 2018,4Q 2020,non-m,310,"<a href=""/hdb-brochures/bto-2018-11/EastGlen_@_Canberra.pdf"" target=""_blank"">brochure</a>",,
Sengkang,Fernvale Acres,HS-BTO,13 Nov 2018,1Q 2021,non-m,330,"<a href=""/hdb-brochures/bto-2018-11/Fernvale_Acres.pdf"" target=""_blank"">brochure</a>",,
Tengah,Plantation Grove,HS-BTO,13 Nov 2018,2Q 2023 - 3Q 2023,non-m,1620,"<a href=""/hdb-brochures/bto-2018-11/Plantation_Grove.pdf"" target=""_blank"">brochure</a>",,
Yishun,Melody Spring @ Yishun,HS-BTO,13 Nov 2018,4Q 2020,non-m,456,"<a href=""/hdb-brochures/bto-2018-11/Melody_Spring_@_Yishun.pdf"" target=""_blank"">brochure</a>",,
Tampines,Tampines GreenGem,HS-BTO,13 Nov 2018,1Q 2023 - 2Q 2023,mature,1086,"<a href=""/hdb-brochures/bto-2018-11/Tampines_GreenGem.pdf"" target=""_blank"">brochure</a>",,
Punggol,Punggol Point Cove,HS-BTO,28 Aug 2018,1Q 2023 - 2Q 2023,non-m,1172,"<a href=""/hdb-brochures/bto-2018-08/Punggol_Point_Cove.pdf"" target=""_blank"">brochure</a>",,
Punggol,Punggol Point Woods,HS-BTO,28 Aug 2018,1Q 2023 - 2Q 2023,non-m,940,"<a href=""/hdb-brochures/bto-2018-08/Punggol_Point_Woods.pdf"" target=""_blank"">brochure</a>",,
Yishun,Melody Spring @ Yishun,HS-BTO,28 Aug 2018,4Q 2021,mature,570,"<a href=""/hdb-brochures/bto-2018-08/Melody_Spring_@_Yishun.pdf"" target=""_blank"">brochure</a>",,
Yishun,Yishun Glen,HS-BTO,28 Aug 2018,4Q 2021 - 2Q 2022,mature,1693,"<a href=""/hdb-brochures/bto-2018-08/Yishun_Glen.pdf"" target=""_blank"">brochure</a>",,
Sengkang,Fernvale Dew,HS-BTO,22 May 2018,1Q 2022 - 2Q 2022,non-m,1188,"<a href=""/hdb-brochures/bto-2018-05/Fernvale_Dew.pdf"" target=""_blank"">brochure</a>",,
Yishun,Casa Spring @ Yishun,HS-BTO,22 May 2018,3Q 2021 - 4Q 2021,non-m,969,"<a href=""/hdb-brochures/bto-2018-05/Casa_Spring_@_Yishun.pdf"" target=""_blank"">brochure</a>",,
Tampines,Tampines GreenVines,HS-BTO,22 May 2018,1Q 2022 - 2Q 2022,mature,1271,"<a href=""/hdb-brochures/bto-2018-05/Tampines_GreenVines.pdf"" target=""_blank"">brochure</a>",,
Toa Payoh,Kim Keat Beacon,HS-BTO,22 May 2018,2Q 2022 - 3Q 2022,mature,542,"<a href=""/hdb-brochures/bto-2018-05/Kim_Keat_Beacon.pdf"" target=""_blank"">brochure</a>",,
Choa Chu Kang,Teck Whye View,HS-BTO,06 Feb 2018,2Q 2022,non-m,574,"<a href=""/hdb-brochures/bto-2018-02/Teck_Whye_View.pdf"" target=""_blank"">brochure</a>",,
Woodlands,Woodlands Glade,HS-BTO,06 Feb 2018,4Q 2021,non-m,629,"<a href=""/hdb-brochures/bto-2018-02/Woodlands_Glade.pdf"" target=""_blank"">brochure</a>",,
Geylang,Ubi Grove,HS-BTO,06 Feb 2018,4Q 2021 - 1Q 2022,mature,1193,"<a href=""/hdb-brochures/bto-2018-02/Ubi_Grove.pdf"" target=""_blank"">brochure</a>",,
Tampines,Tampines GreenDew,HS-BTO,06 Feb 2018,3Q 2021,mature,726,"<a href=""/hdb-brochures/bto-2018-02/Tampines_GreenDew.pdf"" target=""_blank"">brochure</a>",,
Tampines,Tampines GreenFoliage,HS-BTO,06 Feb 2018,3Q 2021,mature,542,"<a href=""/hdb-brochures/bto-2018-02/Tampines_GreenFoliage.pdf"" target=""_blank"">brochure</a>",,
Punggol,Northshore Edge,HS-BTO,14 Nov 2017,4Q 2021,non-m,388,"<a href=""/hdb-brochures/bto-2017-11/Northshore_Edge.pdf"" target=""_blank"">brochure</a>",,
Sengkang,Anchorvale Village,HS-BTO,14 Nov 2017,1Q 2022,non-m,207,"<a href=""/hdb-brochures/bto-2017-11/Anchorvale_Village.pdf"" target=""_blank"">brochure</a>",,
Sengkang,Fernvale Glades,HS-BTO,14 Nov 2017,2Q 2021 - 3Q 2021,non-m,1300,"<a href=""/hdb-brochures/bto-2017-11/Fernvale_Glades.pdf"" target=""_blank"">brochure</a>",,
Geylang,Eunos Court,HS-BTO,14 Nov 2017,2Q 2022,mature,742,"<a href=""/hdb-brochures/bto-2017-11/Eunos_Court.pdf"" target=""_blank"">brochure</a>",,
Tampines,Tampines GreenCourt,HS-BTO,14 Nov 2017,4Q 2021 - 2Q 2022,mature,2192,"<a href=""/hdb-brochures/bto-2017-11/Tampines_GreenCourt.pdf"" target=""_blank"">brochure</a>",,
Bukit Batok,Sky Vista @ Bukit Batok,HS-BTO,01 Aug 2017,1Q 2022,non-m,257,"<a href=""/hdb-brochures/bto-2017-08/Sky_Vista_@_Bukit_Batok.pdf"" target=""_blank"">brochure</a>",,
Bukit Batok,West Scape @ Bukit Batok,HS-BTO,01 Aug 2017,3Q 2021 - 4Q 2021,non-m,1140,"<a href=""/hdb-brochures/bto-2017-08/West_Scape_@_Bukit_Batok.pdf"" target=""_blank"">brochure</a>",,
Sengkang,Rivervale Shores,HS-BTO,01 Aug 2017,2Q 2022 - 3Q 2022,non-m,2500,"<a href=""/hdb-brochures/bto-2017-08/Rivervale_Shores.pdf"" target=""_blank"">brochure</a>",,
Woodlands,Marsiling Grove,HS-BTO,18 May 2017,1Q 2022,non-m,1246,"<a href=""/hdb-brochures/bto-2017-05/Marsiling_Grove.pdf"" target=""_blank"">brochure</a>",,
Woodlands,Woodlands Spring,HS-BTO,18 May 2017,4Q 2020,non-m,172,"<a href=""/hdb-brochures/bto-2017-05/Woodlands_Spring.pdf"" target=""_blank"">brochure</a>",,
Yishun,Forest Spring @ Yishun,HS-BTO,18 May 2017,2Q 2021 - 3Q 2021,non-m,756,"<a href=""/hdb-brochures/bto-2017-05/Forest_Spring_@_Yishun.pdf"" target=""_blank"">brochure</a>",,
Bidadari,Woodleigh Hillside,HS-BTO,18 May 2017,1Q 2022 - 2Q 2022,mature,1355,"<a href=""/hdb-brochures/bto-2017-05/Woodleigh_Hillside.pdf"" target=""_blank"">brochure</a>",,
Geylang,Dakota Breeze,HS-BTO,18 May 2017,2Q 2021,mature,954,"<a href=""/hdb-brochures/bto-2017-05/Dakota_Breeze.pdf"" target=""_blank"">brochure</a>",,
Geylang,Pine Vista,HS-BTO,18 May 2017,4Q 2020,mature,319,"<a href=""/hdb-brochures/bto-2017-05/Pine_Vista.pdf"" target=""_blank"">brochure</a>",,
Punggol,Northshore Cove,HS-BTO,14 Feb 2017,3Q 2021,non-m,801,"<a href=""/hdb-brochures/bto-2017-02/Northshore_Cove.pdf"" target=""_blank"">brochure</a>",,
Punggol,Waterway Sunrise II,HS-BTO,14 Feb 2017,1Q 2021 - 2Q 2021,non-m,1014,"<a href=""/hdb-brochures/bto-2017-02/Waterway_Sunrise_II.pdf"" target=""_blank"">brochure</a>",,
Clementi,Clementi NorthArc,HS-BTO,14 Feb 2017,1Q 2022 - 2Q 2022,mature,1179,"<a href=""/hdb-brochures/bto-2017-02/Clementi_NorthArc.pdf"" target=""_blank"">brochure</a>",,
Clementi,Clementi Peaks,HS-BTO,14 Feb 2017,2Q 2022,mature,424,"<a href=""/hdb-brochures/bto-2017-02/Clementi_Peaks.pdf"" target=""_blank"">brochure</a>",,
Tampines,Tampines GreenBloom,HS-BTO,14 Feb 2017,3Q 2020,mature,319,"<a href=""/hdb-brochures/bto-2017-02/Tampines_GreenBloom.pdf"" target=""_blank"">brochure</a>",,
Tampines,Tampines GreenFlora,HS-BTO,14 Feb 2017,3Q 2020,mature,319,"<a href=""/hdb-brochures/bto-2017-02/Tampines_GreenFlora.pdf"" target=""_blank"">brochure</a>",,
Punggol,Matilda Sundeck,HS-BTO,22 Nov 2016,3Q 2020,non-m,490,"<a href=""/hdb-brochures/bto-2016-11/Matilda_Sundeck.pdf"" target=""_blank"">brochure</a>",,
Punggol,Northshore Trio,HS-BTO,22 Nov 2016,3Q 2021,non-m,409,"<a href=""/hdb-brochures/bto-2016-11/Northshore_Trio.pdf"" target=""_blank"">brochure</a>",,
Punggol,Waterway Sunrise I,HS-BTO,22 Nov 2016,4Q 2020 - 1Q 2021,non-m,1295,"<a href=""/hdb-brochures/bto-2016-11/Waterway_Sunrise_1.pdf"" target=""_blank"">brochure</a>",,
Bedok,Bedok Beacon,HS-BTO,22 Nov 2016,2Q 2021,mature,500,"<a href=""/hdb-brochures/bto-2016-11/Bedok_Beacon.pdf"" target=""_blank"">brochure</a>",,
Bedok,Bedok North Vale,HS-BTO,22 Nov 2016,2Q 2020,mature,215,"<a href=""/hdb-brochures/bto-2016-11/Bedok_North_Vale.pdf"" target=""_blank"">brochure</a>",,
Bedok,Bedok South Horizon,HS-BTO,22 Nov 2016,4Q 2020 - 1Q 2021,mature,940,"<a href=""/hdb-brochures/bto-2016-11/Bedok_South_Horizon.pdf"" target=""_blank"">brochure</a>",,
Bidadari,Woodleigh Glen,HS-BTO,22 Nov 2016,2Q 2021,mature,688,"<a href=""/hdb-brochures/bto-2016-11/Woodleigh_Glen.pdf"" target=""_blank"">brochure</a>",,
Bidadari,Woodleigh Village,HS-BTO,22 Nov 2016,3Q 2021,mature,330,"<a href=""/hdb-brochures/bto-2016-11/Woodleigh_Village.pdf"" target=""_blank"">brochure</a>",,
Kallang/Whampoa,Kallang Residences,HS-BTO,22 Nov 2016,4Q 2021,mature,243,"<a href=""/hdb-brochures/bto-2016-11/Kallang_Residences.pdf"" target=""_blank"">brochure</a>",,
Hougang,Buangkok Woods,HS-BTO,17 Aug 2016,4Q 2019,non-m,711,"<a href=""/hdb-brochures/bto-2016-08/Buangkok_Woods.pdf"" target=""_blank"">brochure</a>",,
Sembawang,EastDelta @ Canberra,HS-BTO,17 Aug 2016,3Q 2019 - 4Q 2019,non-m,570,"<a href=""/hdb-brochures/bto-2016-08/EastDelta@Canberra.pdf"" target=""_blank"">brochure</a>",,
Yishun,Valley Spring @ Yishun,HS-BTO,17 Aug 2016,4Q 2019 - 1Q 2020,non-m,824,"<a href=""/hdb-brochures/bto-2016-08/Valley_Spring@Yishun.pdf"" target=""_blank"">brochure</a>",,
Tampines,Tampines GreenView,HS-BTO,17 Aug 2016,3Q 2019 - 4Q 2019,mature,714,"<a href=""/hdb-brochures/bto-2016-08/Tampines_GreenView.pdf"" target=""_blank"">brochure</a>",,
Tampines,Tampines GreenVerge,HS-BTO,17 Aug 2016,3Q 2020 - 1Q 2021,mature,2022,"<a href=""/hdb-brochures/bto-2016-08/Tampines_GreenVerge.pdf"" target=""_blank"">brochure</a>",,
Bukit Panjang,Senja Heights,HS-BTO,24 May 2016,3Q 2021,non-m,552,"<a href=""/hdb-brochures/bto-2016-05/Senja_Heights.pdf"" target=""_blank"">brochure</a>",,
Bukit Panjang,Senja Ridges,HS-BTO,24 May 2016,2Q 2021,non-m,230,"<a href=""/hdb-brochures/bto-2016-05/Senja Ridges.pdf"" target=""_blank"">brochure</a>",,
Bukit Panjang,Senja Valley,HS-BTO,24 May 2016,4Q 2021,non-m,789,"<a href=""/hdb-brochures/bto-2016-05/Senja Valley.pdf"" target=""_blank"">brochure</a>",,
Sembawang,EastCreek @ Canberra,HS-BTO,24 May 2016,4Q 2019,non-m,1252,"<a href=""/hdb-brochures/bto-2016-05/EastCreek_Canberra.pdf"" target=""_blank"">brochure</a>",,
Ang Mo Kio,Ang Mo Kio Court,HS-BTO,24 May 2016,3Q 2020,mature,590,"<a href=""/hdb-brochures/bto-2016-05/Ang Mo Kio Court.pdf"" target=""_blank"">brochure</a>",,
Bedok,Bedok North Woods,HS-BTO,24 May 2016,2Q 2020,mature,357,"<a href=""/hdb-brochures/bto-2016-05/Bedok_North_Woods.pdf"" target=""_blank"">brochure</a>",,
Bidadari,Alkaff Oasis,HS-BTO,24 Feb 2016,4Q 2020,mature,1594,"<a href=""/hdb-brochures/bto-2016-02/Alkaff_Oasis.pdf"" target=""_blank"">brochure</a>",,
Bukit Batok,West Plains @ Bukit Batok,HS-BTO,24 Feb 2016,2Q 2020,non-m,1655,"<a href=""/hdb-brochures/bto-2016-02/West_Plains@Bukit_Batok.pdf"" target=""_blank"">brochure</a>",,
Sengkang,Anchorvale Plains,HS-BTO,24 Feb 2016,1Q 2020,non-m,921,"<a href=""/hdb-brochures/bto-2016-02/Anchorvale_Plains.pdf"" target=""_blank"">brochure</a>",,
Bidadari,Alkaff CourtView,HS-BTO,17 Nov 2015,2Q 2020,mature,1258,"<a href=""/hdb-brochures/bto-2015-11/Alkaff_CourtView_Alkaff_LakeView.pdf"" target=""_blank"">brochure</a>",,
Bidadari,Alkaff LakeView,HS-BTO,17 Nov 2015,4Q 2019,mature,531,"<a href=""/hdb-brochures/bto-2015-11/Alkaff_CourtView_Alkaff_LakeView.pdf"" target=""_blank"">brochure</a>",,
Bidadari,Alkaff Vista,HS-BTO,17 Nov 2015,3Q 2019,mature,350,"<a href=""/hdb-brochures/bto-2015-11/Alkaff_Vista.pdf"" target=""_blank"">brochure</a>",,
Bukit Batok,West Quarry @ Bukit Batok,HS-BTO,17 Nov 2015,2Q 2019,non-m,636,"<a href=""/hdb-brochures/bto-2015-11/West_Quarry@Bukit_Batok.pdf"" target=""_blank"">brochure</a>",,
Choa Chu Kang,Teck Whye Vista,HS-BTO,17 Nov 2015,2Q 2020,non-m,126,"<a href=""/hdb-brochures/bto-2015-11/Teck_Whye_Vista.pdf"" target=""_blank"">brochure</a>",,
Hougang,Hougang RiverCourt,HS-BTO,17 Nov 2015,3Q 2020,non-m,285,"<a href=""/hdb-brochures/bto-2015-11/Hougang_RiverCourt.pdf"" target=""_blank"">brochure</a>",,
Punggol,Waterfront I @ Northshore,HS-BTO,17 Nov 2015,4Q 2020,non-m,791,"<a href=""/hdb-brochures/bto-2015-11/Waterfront_I_II@Northshore.pdf"" target=""_blank"">brochure</a>",,
Punggol,Waterfront II @ Northshore,HS-BTO,17 Nov 2015,4Q 2020,non-m,903,"<a href=""/hdb-brochures/bto-2015-11/Waterfront_I_II@Northshore.pdf"" target=""_blank"">brochure</a>",,
Punggol,Northshore StraitsView,HS-BTO,17 Nov 2015,3Q 2020,non-m,1021,"<a href=""/hdb-brochures/bto-2015-11/Northshore_StraitsView.pdf"" target=""_blank"">brochure</a>",,
Sengkang,Fernvale Woods,HS-BTO,17 Nov 2015,3Q 2019,non-m,1160,"<a href=""/hdb-brochures/bto-2015-11/Fernvale_Woods.pdf"" target=""_blank"">brochure</a>",,
Clementi,Clementi Crest,HS-BTO,27 May 2015,2Q 2020,mature,385,"<a href=""/hdb-brochures/bto-2015-05/Clementi_Crest.pdf"" target=""_blank"">brochure</a>",,
Punggol,Northshore Residences I,HS-BTO,27 May 2015,2Q 2020,non-m,588,"<a href=""/hdb-brochures/bto-2015-05/Northshore_ResidencesI_II.pdf"" target=""_blank"">brochure</a>",,
Punggol,Northshore Residences II,HS-BTO,27 May 2015,2Q 2020,non-m,814,"<a href=""/hdb-brochures/bto-2015-05/Northshore_ResidencesI_II.pdf"" target=""_blank"">brochure</a>",,
Sembawang,EastLink I @ Canberra,HS-BTO,27 May 2015,3Q 2019,non-m,600,"<a href=""/hdb-brochures/bto-2015-05/EastLinkI_II@Canberra.pdf"" target=""_blank"">brochure</a>",,
Sembawang,EastLink II @ Canberra,HS-BTO,27 May 2015,2Q 2019,non-m,441,"<a href=""/hdb-brochures/bto-2015-05/EastLinkI_II@Canberra.pdf"" target=""_blank"">brochure</a>",,
Tampines,Tampines GreenWeave,HS-BTO,27 May 2015,3Q 2019,mature,1216,"<a href=""/hdb-brochures/bto-2015-05/Tampines_GreenWeave.pdf"" target=""_blank"">brochure</a>",,
Bukit Batok,West Edge @ Bukit Batok,HS-BTO,11 Feb 2015,1Q 2019,non-m,1594,"<a href=""/hdb-brochures/bto-2015-02/West_Edge_Bukit_Batok.pdf"" target=""_blank"">brochure</a>",,
Bukit Batok,West Rock @ Bukit Batok,HS-BTO,11 Feb 2015,3Q 2018,non-m,448,"<a href=""/hdb-brochures/bto-2015-02/West_Rock_Bukit_Batok.pdf"" target=""_blank"">brochure</a>",,
Hougang,Buangkok Parkvista,HS-BTO,11 Feb 2015,4Q 2018,non-m,485,"<a href=""/hdb-brochures/bto-2015-02/Buangkok_ParkVista.pdf"" target=""_blank"">brochure</a>",,
Hougang,Buangkok Tropica,HS-BTO,11 Feb 2015,3Q 2018,non-m,718,"<a href=""/hdb-brochures/bto-2015-02/Buangkok_Tropica.pdf"" target=""_blank"">brochure</a>",,
Geylang,MacPherson Spring,HS-BTO,11 Feb 2015,2Q 2019,mature,750,"<a href=""/hdb-brochures/bto-2015-02/MacPherson_Spring.pdf"" target=""_blank"">brochure</a>",,
Sembawang,Sun Breeze,HS-BTO,25 Nov 2014,1Q 2018,non-m,700,"<a href=""/hdb-brochures/bto-2014-11/Sun_Breeze.pdf"" target=""_blank"">brochure</a>",,
Sengkang,Anchorvale Fields,HS-BTO,25 Nov 2014,2Q 2018,non-m,511,"<a href=""/hdb-brochures/bto-2014-11/Anchorvale_Fields.pdf"" target=""_blank"">brochure</a>",,
Yishun,Blossom Spring @ Yishun,HS-BTO,25 Nov 2014,3Q 2018,non-m,650,"<a href=""/hdb-brochures/bto-2014-11/Blossom_Spring@Yishun.pdf"" target=""_blank"">brochure</a>",,
Yishun,Meadow Spring @ Yishun,HS-BTO,25 Nov 2014,4Q 2018,non-m,469,"<a href=""/hdb-brochures/bto-2014-11/Meadow_Spring@Yishun.pdf"" target=""_blank"">brochure</a>",,
Tampines,Tampines GreenEdge,HS-BTO,25 Nov 2014,4Q 2017,mature,451,"<a href=""/hdb-brochures/bto-2014-11/Tampines_GreenEdge.pdf"" target=""_blank"">brochure</a>",,
Tampines,Tampines GreenRidges,HS-BTO,25 Nov 2014,1Q 2019,mature,1496,"<a href=""/hdb-brochures/bto-2014-11/Tampines_GreenRidges.pdf"" target=""_blank"">brochure</a>",,
Bukit Batok,West Terra & Bukit Batok,HS-BTO,24 Sep 2014,1Q 2018,non-m,1793,"<a href=""/hdb-brochures/bto-2014-09/West_Terra@Bukit_Batok.pdf"" target=""_blank"">brochure</a>",,
Hougang,Buangkok Edgeview,HS-BTO,24 Sep 2014,4Q 2017,non-m,467,"<a href=""/hdb-brochures/bto-2014-09/Buangkok_Edgeview.pdf"" target=""_blank"">brochure</a>",,
Hougang,Buangkok Square,HS-BTO,24 Sep 2014,2Q 2018,non-m,725,"<a href=""/hdb-brochures/bto-2014-09/Buangkok_Square.pdf"" target=""_blank"">brochure</a>",,
Jurong West,Yung Ho Spring I,HS-BTO,24 Sep 2014,2Q 2018,non-m,641,"<a href=""/hdb-brochures/bto-2014-09/Yung_Ho_Spring_I&amp;II.pdf"" target=""_blank"">brochure</a>",,
Jurong West,Yung Ho Spring II,HS-BTO,24 Sep 2014,2Q 2018,non-m,266,"<a href=""/hdb-brochures/bto-2014-09/Yung_Ho_Spring_I&amp;II.pdf"" target=""_blank"">brochure</a>",,
Kallang/Whampoa,St. George's Towers,HS-BTO,24 Sep 2014,1Q 2019,mature,738,"<a href=""/hdb-brochures/bto-2014-09/St_Georges_Towers.pdf"" target=""_blank"">brochure</a>",,
Punggol,Matilda Court,HS-BTO,19 Jul 2014,4Q 2017,non-m,1162,"<a href=""/hdb-brochures/bto-2014-07/Matilda_Court.pdf"" target=""_blank"">brochure</a>",,
Punggol,Waterway Sunray,HS-BTO,19 Jul 2014,4Q 2017,non-m,582,"<a href=""/hdb-brochures/bto-2014-07/Waterway_Sunray.pdf"" target=""_blank"">brochure</a>",,
Sembawang,Sun Natura,HS-BTO,19 Jul 2014,2Q 2018,non-m,848,"<a href=""/hdb-brochures/bto-2014-07/Sun_Natura.pdf"" target=""_blank"">brochure</a>",,
Toa Payoh,Toa Payoh Apex,HS-BTO,19 Jul 2014,4Q 2018,mature,557,"<a href=""/hdb-brochures/bto-2014-07/Toa_Payoh_Apex.pdf"" target=""_blank"">brochure</a>",,
Woodlands,Kampung Admiralty,HS-BTO,19 Jul 2014,3Q 2017,non-m,104,"<a href=""/hdb-brochures/bto-2014-07/Kampung_Admiralty.pdf"" target=""_blank"">brochure</a>",,
Yishun,Park Grove @ Yishun,HS-BTO,19 Jul 2014,3Q 2017,non-m,588,"<a href=""/hdb-brochures/bto-2014-07/Park_Grove@Yishun.pdf"" target=""_blank"">brochure</a>",,
Bukit Batok,West Crest @ Bukit Batok,HS-BTO,22 May 2014,4Q 2017,non-m,495,"<a href=""/hdb-brochures/bto-2014-05/WestCrest@BukitBatok.pdf"" target=""_blank"">brochure</a>","<a href=""/hdb-brochures/bto-launch-2014-05/WestCrest_WestValley@BukitBatok_General_Info.pdf"" target=""blank"">info</a> <a href=""/hdb-brochures/bto-launch-2014-05/WestCrest@BukitBatok_Maps&amp;Plans.pdf"" target=""blank"">plans</a>",
Bukit Batok,West Valley @ Bukit Batok,HS-BTO,22 May 2014,1Q 2018,non-m,924,"<a href=""/hdb-brochures/bto-2014-05/WestValley@BukitBatok.pdf"" target=""_blank"">brochure</a>","<a href=""/hdb-brochures/bto-launch-2014-05/WestCrest_WestValley@BukitBatok_General_Info.pdf"" target=""blank"">info</a> <a href=""/hdb-brochures/bto-launch-2014-05/WestValley@BukitBatok_Maps&amp;Plans.pdf"" target=""blank"">plans</a>",
Woodlands,Admiralty Flora,HS-BTO,22 May 2014,2Q 2017,non-m,402,"<a href=""/hdb-brochures/bto-2014-05/AdmiraltyFlora.pdf"" target=""_blank"">brochure</a>","<a href=""/hdb-brochures/bto-launch-2014-05/AdmiraltyFlora_MarsilingGreenview_General_Info.pdf"" target=""blank"">info</a> <a href=""/hdb-brochures/bto-launch-2014-05/AdmiraltyFlora_Maps&amp;Plans.pdf"" target=""blank"">plans</a>",
Woodlands,Marsiling Greenview,HS-BTO,22 May 2014,3Q 2018,non-m,1304,"<a href=""/hdb-brochures/bto-2014-05/MarsilingGreenview.pdf"" target=""_blank"">brochure</a>","<a href=""/hdb-brochures/bto-launch-2014-05/AdmiraltyFlora_MarsilingGreenview_General_Info.pdf"" target=""blank"">info</a> <a href=""/hdb-brochures/bto-launch-2014-05/MarsilingGreenview_Maps&amp;Plans.pdf"" target=""blank"">plans</a>",
Sembawang,EastCrown @ Canberra,HS-BTO,26 Mar 2014,3Q 2017,non-m,1220,"<a href=""/hdb-brochures/bto-2014-03/EastCrown@Canberra.pdf"" target=""_blank"">brochure</a>","<a href=""/hdb-brochures/bto-launch-2014-03/EastCrown@Canberra_EastLace@Canberra_General_Info.pdf"" target=""blank"">info</a> <a href=""/hdb-brochures/bto-launch-2014-03/EastCrown@Canberra_Maps&amp;Plans.pdf"" target=""blank"">plans</a>",
Sembawang,EastLace @ Camberra,HS-BTO,26 Mar 2014,2Q 2017,non-m,480,"<a href=""/hdb-brochures/bto-2014-03/EastLace@Canberra.pdf"" target=""_blank"">brochure</a>","<a href=""/hdb-brochures/bto-launch-2014-03/EastCrown@Canberra_EastLace@Canberra_General_Info.pdf"" target=""blank"">info</a> <a href=""/hdb-brochures/bto-launch-2014-03/EastLace@Canberra_Maps&amp;Plans.pdf"" target=""blank"">plans</a>",
Sengkang,Anchorvale Parkview,HS-BTO,26 Mar 2014,1Q 2017,non-m,503,"<a href=""/hdb-brochures/bto-2014-03/AnchorvaleParkview.pdf"" target=""_blank"">brochure</a>","<a href=""/hdb-brochures/bto-launch-2014-03/AnchorvaleParkview_General_Info.pdf"" target=""blank"">info</a> <a href=""/hdb-brochures/bto-launch-2014-03/AnchorvaleParkview_Maps&amp;Plans.pdf"" target=""blank"">plans</a>",
Yishun,Fern Grove @ Yishun,HS-BTO,26 Mar 2014,4Q 2017,non-m,1294,"<a href=""/hdb-brochures/bto-2014-03/FernGrove@Yishun.pdf"" target=""_blank"">brochure</a>","<a href=""/hdb-brochures/bto-launch-2014-03/FernGrove@Yishun_General_Info.pdf"" target=""blank"">info</a> <a href=""/hdb-brochures/bto-launch-2014-03/FernGrove@Yishun_Maps&amp;Plans.pdf"" target=""blank"">plans</a>",
Bukit Batok,Bukit Gombak Vista,HS-BTO,22 Jan 2014,4Q 2017,non-m,286,"<a href=""/hdb-brochures/bto-2014-01/BukitGombakVista.pdf"" target=""_blank"">brochure</a>","<a href=""/hdb-brochures/bto-launch-2014-01/BukitGombakVista_General_Info.pdf"" target=""blank"">info</a> <a href=""/hdb-brochures/bto-launch-2014-01/BukitGombakVista_Maps&amp;Plans.pdf"" target=""blank"">plans</a>",
Jurong West,Golden Lavender,HS-BTO,22 Jan 2014,3Q 2017,non-m,149,"<a href=""/hdb-brochures/bto-2014-01/GoldenLavender.pdf"" target=""_blank"">brochure</a>","<a href=""/hdb-brochures/bto-launch-2014-01/GoldenLavender_General_Info.pdf"" target=""blank"">info</a> <a href=""/hdb-brochures/bto-launch-2014-01/GoldenLavender_Maps&amp;Plans.pdf"" target=""blank"">plans</a>",
Punggol,Punggol Bayview,HS-BTO,22 Jan 2014,1Q 2018 - 4Q 2018,non-m,1096,"<a href=""/hdb-brochures/bto-2014-01/PunggolBayView.pdf"" target=""_blank"">brochure</a>","<a href=""/hdb-brochures/bto-launch-2014-01/PunggolBayView_PunggolVue_General_Info.pdf"" target=""blank"">info</a> <a href=""/hdb-brochures/bto-launch-2014-01/PunggolBayView_Maps&amp;Plans.pdf"" target=""blank"">plans</a>",
Punggol,Punggol Vue,HS-BTO,22 Jan 2014,4Q 2017,non-m,570,"<a href=""/hdb-brochures/bto-2014-01/PunggolVue.pdf"" target=""_blank"">brochure</a>","<a href=""/hdb-brochures/bto-launch-2014-01/PunggolBayView_PunggolVue_General_Info.pdf"" target=""blank"">info</a> <a href=""/hdb-brochures/bto-launch-2014-01/PunggolVue_Maps&amp;Plans.pdf"" target=""blank"">plans</a>",
Woodlands,Woodlands Glen,HS-BTO,22 Jan 2014,2Q 2017,non-m,888,"<a href=""/hdb-brochures/bto-2014-01/WoodlandsGlen.pdf"" target=""_blank"">brochure</a>","<a href=""/hdb-brochures/bto-launch-2014-01/WoodlandsGlen_General_Info.pdf"" target=""blank"">info</a> <a href=""/hdb-brochures/bto-launch-2014-01/WoodlandsGlen_Maps&amp;Plans.pdf"" target=""blank"">plans</a>",
Serangoon,Golden Ginger,HS-BTO,22 Jan 2014,3Q 2017,non-m,150,"<a href=""/hdb-brochures/bto-2014-01/GoldenGinger.pdf"" target=""_blank"">brochure</a>","<a href=""/hdb-brochures/bto-launch-2014-01/GoldenGinger_General_Info.pdf"" target=""blank"">info</a> <a href=""/hdb-brochures/bto-launch-2014-01/GoldenGinger_Maps&amp;Plans.pdf"" target=""blank"">plans</a>",
Woodlands,Admiralty Grove,HS-BTO,26 Nov 2013,3Q 2017,non-m,993,"<a href=""/hdb-brochures/bto-2013-11/AdmiraltyGrove.pdf"" target=""_blank"">brochure</a>","<a href=""/hdb-brochures/bto-launch-2013-11/AdmiraltyGrove_General_Info.pdf"" target=""blank"">info</a> <a href=""/hdb-brochures/bto-launch-2013-11/AdmiraltyGrove_Maps&amp;Plans.pdf"" target=""blank"">plans</a>",
Jurong West,Boon Lay View,HS-BTO,26 Nov 2013,2Q 2017,non-m,810,"<a href=""/hdb-brochures/bto-2013-11/BoonLayView.pdf"" target=""_blank"">brochure</a>","<a href=""/hdb-brochures/bto-launch-2013-11/BoonLayView_YungKuangCourt_General_Info.pdf"" target=""blank"">info</a> <a href=""/hdb-brochures/bto-launch-2013-11/BoonLayView_Maps&amp;Plans.pdf"" target=""blank"">plans</a>",
Jurong West,Yung Kuang Court,HS-BTO,26 Nov 2013,3Q 2017,non-m,528,"<a href=""/hdb-brochures/bto-2013-11/YungKuangCourt.pdf"" target=""_blank"">brochure</a>","<a href=""/hdb-brochures/bto-launch-2013-11/BoonLayView_YungKuangCourt_General_Info.pdf"" target=""blank"">info</a> <a href=""/hdb-brochures/bto-launch-2013-11/YungKuangCourt_Maps&amp;Plans.pdf"" target=""blank"">plans</a>",
Sembawang,EastLawn @ Canberra,HS-BTO,26 Nov 2013,2Q 2017,non-m,337,"<a href=""/hdb-brochures/bto-2013-11/EastLawn@Canberra.pdf"" target=""_blank"">brochure</a>","<a href=""/hdb-brochures/bto-launch-2013-11/EastLawn@Canberra_General_Info.pdf"" target=""blank"">info</a> <a href=""/hdb-brochures/bto-launch-2013-11/EastLawn@Canberra_Maps&amp;Plans.pdf"" target=""blank"">plans</a>",
Hougang,Hougang Meadow,HS-BTO,26 Nov 2013,1Q 2017,non-m,732,"<a href=""/hdb-brochures/bto-2013-11/HougangMeadow.pdf"" target=""_blank"">brochure</a>","<a href=""/hdb-brochures/bto-launch-2013-11/HougangMeadow_General_Info.pdf"" target=""blank"">info</a> <a href=""/hdb-brochures/bto-launch-2013-11/HougangMeadow_Maps&amp;Plans.pdf"" target=""blank"">plans</a>",
Bukit Batok,West Ridges @ Bukit Batok,HS-BTO,26 Nov 2013,1Q 2018,non-m,1578,"<a href=""/hdb-brochures/bto-2013-11/WestRidges@BukitBatok.pdf"" target=""_blank"">brochure</a>","<a href=""/hdb-brochures/bto-launch-2013-11/WestRidges@BukitBatok_General_Info.pdf"" target=""blank"">info</a> <a href=""/hdb-brochures/bto-launch-2013-11/WestRidges@BukitBatok_Maps&amp;Plans.pdf"" target=""blank"">plans</a>",
Punggol,Matilda Edge,HS-BTO,26 Sep 2013,4Q 2017,non-m,1330,"<a href=""/hdb-brochures/bto-2013-09/Matilda_Edge.pdf"" target=""_blank"">brochure</a>","<a href=""/hdb-brochures/bto-launch-2013-09/MatildaEdge_TheVerandah@Matilda_WaterwayView_General_Info.pdf"" target=""blank"" rel=""noopener noreferrer"">info</a> <a href=""/hdb-brochures/bto-launch-2013-09/MatildaEdge_Maps&amp;Plans.pdf"" target=""blank"">plans</a>",
Punggol,The Verandah @ Matilda,HS-BTO,26 Sep 2013,1Q 2017,non-m,481,"<a href=""/hdb-brochures/bto-2013-09/TheVerandah@Matilda.pdf"" target=""_blank"">brochure</a>","<a href=""/hdb-brochures/bto-launch-2013-09/MatildaEdge_TheVerandah@Matilda_WaterwayView_General_Info.pdf"" target=""blank"" rel=""noopener noreferrer"">info</a> <a href=""/hdb-brochures/bto-launch-2013-09/TheVerandah@Matilda_Maps&amp;Plans.pdf"" target=""blank"">plans</a>",
Punggol,Waterway View,HS-BTO,26 Sep 2013,3Q 2017,non-m,1057,"<a href=""/hdb-brochures/bto-2013-09/Waterway_View.pdf"" target=""_blank"">brochure</a>","<a href=""/hdb-brochures/bto-launch-2013-09/MatildaEdge_TheVerandah@Matilda_WaterwayView_General_Info.pdf"" target=""blank"" rel=""noopener noreferrer"">info</a> <a href=""/hdb-brochures/bto-launch-2013-09/WaterwayView_Maps&amp;Plans.pdf"" target=""blank"">plans</a>",
Yishun,Khatib Court,HS-BTO,26 Sep 2013,2Q 2017,non-m,310,"<a href=""/hdb-brochures/bto-2013-09/Khatib_Court.pdf"" target=""_blank"">brochure</a>","<a href=""/hdb-brochures/bto-launch-2013-09/KhatibCourt_PalmBreeze@Yishun_SaracaBreeze@Yishun_General_Info.pdf"" target=""blank"">info</a> <a href=""/hdb-brochures/bto-launch-2013-09/KhatibCourt_Maps&amp;Plans.pdf"" target=""blank"" rel=""noopener noreferrer"">plans</a>",
Yishun,Palm Breeze @ Yishun,HS-BTO,26 Sep 2013,4Q 2016,non-m,546,"<a href=""/hdb-brochures/bto-2013-09/Palm_Breeze@Yishun.pdf"" target=""_blank"">brochure</a>","<a href=""/hdb-brochures/bto-launch-2013-09/KhatibCourt_PalmBreeze@Yishun_SaracaBreeze@Yishun_General_Info.pdf"" target=""blank"">info</a> <a href=""/hdb-brochures/bto-launch-2013-09/PalmBreeze@Yishun_Maps&amp;Plans.pdf"" target=""blank"">plans</a>",
Yishun,Saraca Breeze @ Yishun,HS-BTO,26 Sep 2013,1Q 2017,non-m,516,"<a href=""/hdb-brochures/bto-2013-09/Saraca_Breeze@Yishun.pdf"" target=""_blank"">brochure</a>","<a href=""/hdb-brochures/bto-launch-2013-09/KhatibCourt_PalmBreeze@Yishun_SaracaBreeze@Yishun_General_Info.pdf"" target=""blank"">info</a> <a href=""/hdb-brochures/bto-launch-2013-09/SaracaBreeze@Yishun_Maps&amp;Plans.pdf"" target=""blank"">plans</a>",
Yishun,Angsana Breeze @ Yishun,HS-BTO,30 Jul 2013,1Q 2017,non-m,958,"<a href=""/hdb-brochures/bto-2013-07/AngsanaBreeze@Yishun.pdf"" target=""_blank"">brochure</a>","<a href=""/hdb-brochures/bto-launch-2013-07/AngsanaBreeze_VineGrove@Yishun_General_Info.pdf"" target=""blank"">info</a> <a href=""/hdb-brochures/bto-launch-2013-07/Angsana_Breeze_Maps&amp;Plans.pdf"" target=""blank"">plans</a>",
Yishun,Vine Grove @ Yishun,HS-BTO,30 Jul 2013,4Q 2016,non-m,696,"<a href=""/hdb-brochures/bto-2013-07/Vine_Grove@Yishun.pdf"" target=""_blank"">brochure</a>","<a href=""/hdb-brochures/bto-launch-2013-07/AngsanaBreeze_VineGrove@Yishun_General_Info.pdf"" target=""blank"">info</a> <a href=""/hdb-brochures/bto-launch-2013-07/Vine_Grove@Yishun_Maps&amp;Plans.pdf"" target=""blank"">plans</a>",
Sengkang,Fernvale Riverwalk,HS-BTO,30 Jul 2013,2Q 2017,non-m,727,"<a href=""/hdb-brochures/bto-2013-07/Fernvale_Riverwalk.pdf"" target=""_blank"">brochure</a>","<a href=""/hdb-brochures/bto-launch-2013-07/Fernvale_Riverwalk_General_Info.pdf"" target=""blank"">info</a>",
Bukit Merah,Telok Blangah ParcView,HS-BTO,30 Jul 2013,4Q 2017,mature,1480,"<a href=""/hdb-brochures/bto-2013-07/Telok_Blangah_ParcView.pdf"" target=""_blank"">brochure</a>","<a href=""/hdb-brochures/bto-launch-2013-07/Telok_Blangah_ParcView_General_Info.pdf"" target=""blank"">info</a> <a href=""/hdb-brochures/bto-launch-2013-07/Telok_Blangah_ParcView_Maps&amp;Plans.pdf"" target=""blank"">plans</a>",
Sembawang,EastBank @ Canberra,HS-BTO,30 May 2013,4Q 2016,non-m,372,"<a href=""/hdb-brochures/bto-2013-05/EastBank@Canberra.pdf"" target=""_blank"">brochure</a>","<a href=""/hdb-brochures/bto-launch-2013-05/EastBank_EastBrook_EastWave@Canberra_General_Info.pdf"" target=""blank"">info</a> <a href=""/hdb-brochures/bto-launch-2013-05/EastBank@Canberra_Maps&amp;Plans.pdf"" target=""blank"">plans</a>",
Sembawang,EastBrook @ Canberra,HS-BTO,30 May 2013,2Q 2017,non-m,1030,"<a href=""/hdb-brochures/bto-2013-05/EastBrook@Canberra.pdf"" target=""_blank"">brochure</a>","<a href=""/hdb-brochures/bto-launch-2013-05/EastBank_EastBrook_EastWave@Canberra_General_Info.pdf"" target=""blank"">info</a> <a href=""/hdb-brochures/bto-launch-2013-05/EastBrook@Canberra_Maps&amp;Plans.pdf"" target=""blank"">plans</a>",
Sembawang,EastWave @ Canberra,HS-BTO,30 May 2013,2Q 2017,non-m,714,"<a href=""/hdb-brochures/bto-2013-05/EastWave@Canberra.pdf"" target=""_blank"">brochure</a>","<a href=""/hdb-brochures/bto-launch-2013-05/EastBank_EastBrook_EastWave@Canberra_General_Info.pdf"" target=""blank"">info</a> <a href=""/hdb-brochures/bto-launch-2013-05/EastWave@Canberra_Maps&amp;Plans.pdf"" target=""blank"">plans</a>",
Hougang,Golden Mint,HS-BTO,30 May 2013,4Q 2016,non-m,292,"<a href=""/hdb-brochures/bto-2013-05/Golden_Mint.pdf"" target=""_blank"">brochure</a>","<a href=""/hdb-brochures/bto-launch-2013-05/GoldenMint_HougangCrimson_General_Info.pdf"" target=""blank"">info</a> <a href=""/hdb-brochures/bto-launch-2013-05/Golden_Mint_Maps&amp;Plans.pdf"" target=""blank"">plans</a>",
Hougang,Hougang Crimson,HS-BTO,30 May 2013,4Q 2016,non-m,314,"<a href=""/hdb-brochures/bto-2013-05/Hougang_Crimson.pdf"" target=""_blank"">brochure</a>","<a href=""/hdb-brochures/bto-launch-2013-05/GoldenMint_HougangCrimson_General_Info.pdf"" target=""blank"">info</a> <a href=""/hdb-brochures/bto-launch-2013-05/Hougang_Crimson_Maps&amp;Plans.pdf"" target=""blank"">plans</a>",
Choa Chu Kang,Keat Hong Crest,HS-BTO,30 May 2013,1Q 2017,non-m,682,"<a href=""/hdb-brochures/bto-2013-05/Keat_Hong_Crest.pdf"" target=""_blank"">brochure</a>","<a href=""/hdb-brochures/bto-launch-2013-05/Keat_Hong_Crest_General_Info.pdf"" target=""blank"">info</a> <a href=""/hdb-brochures/bto-launch-2013-05/Keat_Hong_Crest_Maps&amp;Plans.pdf"" target=""blank"">plans</a>",
Jurong West,Spring Haven @ Jurong,HS-BTO,30 May 2013,1Q 2017,non-m,478,"<a href=""/hdb-brochures/bto-2013-05/Spring_Haven@Jurong.pdf"" target=""_blank"">brochure</a>","<a href=""/hdb-brochures/bto-launch-2013-05/Spring_Haven@Jurong_General_Info.pdf"" target=""blank"">info</a> <a href=""/hdb-brochures/bto-launch-2013-05/Spring_Haven@Jurong_Maps&amp;Plans.pdf"" target=""blank"">plans</a>",
Woodlands,Woodlands Pasture I,HS-BTO,30 May 2013,2Q 2017,non-m,1018,"<a href=""/hdb-brochures/bto-2013-05/Woodlands_Pasture_I_II.pdf"" target=""_blank"">brochure</a>","<a href=""/hdb-brochures/bto-launch-2013-05/Woodlands_Pasture_I_II_General_Info.pdf"" target=""blank"">info</a> <a href=""/hdb-brochures/bto-launch-2013-05/Woodlands_Pasture_I_II_Maps&amp;Plans.pdf"" target=""blank"">plans</a>",
Woodlands,Woodlands Pasture II,HS-BTO,30 May 2013,2Q 2017,non-m,1018,"<a href=""/hdb-brochures/bto-2013-05/Woodlands_Pasture_I_II.pdf"" target=""_blank"">brochure</a>","<a href=""/hdb-brochures/bto-launch-2013-05/Woodlands_Pasture_I_II_General_Info.pdf"" target=""blank"">info</a> <a href=""/hdb-brochures/bto-launch-2013-05/Woodlands_Pasture_I_II_Maps&amp;Plans.pdf"" target=""blank"">plans</a>",
Sengkang,Compassvale Cape,HS-BTO,21 Mar 2013,4Q 2016,non-m,1392,,"<a href=""/hdb-brochures/bto-launch-2013-03/Compassvale_Cape_Compassvale_Helm_General_Info.pdf"" target=""blank"">info</a> <a href=""/hdb-brochures/bto-launch-2013-03/Compassvale_Cape_Maps&amp;Plans.pdf"" target=""blank"">plans</a>",
Sengkang,Compassvale Helm,HS-BTO,21 Mar 2013,4Q 2016,non-m,598,,"<a href=""/hdb-brochures/bto-launch-2013-03/Compassvale_Cape_Compassvale_Helm_General_Info.pdf"" target=""blank"">info</a> <a href=""/hdb-brochures/bto-launch-2013-03/Compassvale_Helm_Maps&amp;Plans.pdf"" target=""blank"">plans</a>",
Punggol,Matilda Portico,HS-BTO,21 Mar 2013,2Q 2016,non-m,470,,"<a href=""/hdb-brochures/bto-launch-2013-03/Matilda_Portico_General_Info.pdf"" target=""blank"">info</a> <a href=""/hdb-brochures/bto-launch-2013-03/Matilda_Portico_Maps&amp;Plans.pdf"" target=""blank"">plans</a>",
Bukit Batok,SkyPeak @ Bukit Batok,HS-BTO,21 Mar 2013,4Q 2017,non-m,1430,,"<a href=""/hdb-brochures/bto-launch-2013-03/SkyPeak_@_Bukit_Batok_General_Info.pdf"" target=""blank"">info</a> <a href=""/hdb-brochures/bto-launch-2013-03/SkyPeak_@_Bukit_Batok_Maps&amp;Plans.pdf"" target=""blank"">plans</a>",
Hougang,Hougang ParkEdge,HS-BTO,29 Jan 2013,2Q 2016,non-m,578,"<a href=""/hdb-brochures/bto-2013-01/Hougang_ParkEdge.pdf"" target=""_blank"">brochure</a>","<a href=""/hdb-brochures/bto-launch-2013-01/Hougang_ParkEdge_General_Info.pdf"" target=""blank"">info</a> <a href=""/hdb-brochures/bto-launch-2013-01/Hougang_ParkEdge_Maps&amp;Plans.pdf"" target=""blank"">plans</a>",
Choa Chu Kang,Keat Hong Colours,HS-BTO,29 Jan 2013,4Q 2016,non-m,968,"<a href=""/hdb-brochures/bto-2013-01/Keat_Hong_Colours.pdf"" target=""_blank"">brochure</a>","<a href=""/hdb-brochures/bto-launch-2013-01/Keat_Hong_Colours_General_Info.pdf"" target=""blank"">info</a> <a href=""/hdb-brochures/bto-launch-2013-01/Keat_Hong_Colours_Maps&amp;Plans.pdf"" target=""blank"">plans</a>",
Yishun,Oleander Breeze @ Yishun,HS-BTO,29 Jan 2013,3Q 2016,non-m,688,"<a href=""/hdb-brochures/bto-2013-01/Oleander_Breeze_Yishun.pdf"" target=""_blank"">brochure</a>","<a href=""/hdb-brochures/bto-launch-2013-01/Oleander_Breeze_Yishun_General_Info.pdf"" target=""blank"">info</a> <a href=""/hdb-brochures/bto-launch-2013-01/Oleander_Breeze_Yishun_Maps&amp;Plans.pdf"" target=""blank"">plans</a>",
Ang Mo Kio,Kebun Baru Court,HS-BTO,29 Jan 2013,2Q 2017,mature,283,"<a href=""/hdb-brochures/bto-2013-01/Kebun_Baru_Court.pdf"" target=""_blank"">brochure</a>","<a href=""/hdb-brochures/bto-launch-2013-01/Kebun_Baru_Court_General_Info.pdf"" target=""blank"">info</a> <a href=""/hdb-brochures/bto-launch-2013-01/Kebun_Baru_Court_Maps&amp;Plans.pdf"" target=""blank"">plans</a>",
Tampines,Tampines GreenForest,HS-BTO,29 Jan 2013,2Q 2016,mature,424,"<a href=""/hdb-brochures/bto-2013-01/Tampines_GreenForest.pdf"" target=""_blank"">brochure</a>","<a href=""/hdb-brochures/bto-launch-2013-01/Tampines_GreenForest_General_Info.pdf"" target=""blank"">info</a> <a href=""/hdb-brochures/bto-launch-2013-01/Tampines_GreenForest_Maps&amp;Plans.pdf"" target=""blank"">plans</a>",
Kallang/Whampoa,Whampoa Dew,HS-BTO,29 Jan 2013,2Q 2017,mature,405,"<a href=""/hdb-brochures/bto-2013-01/Whampoa_Dew.pdf"" target=""_blank"">brochure</a>","<a href=""/hdb-brochures/bto-launch-2013-01/Whampoa_Dew_General_Info.pdf"" target=""blank"">info</a> <a href=""/hdb-brochures/bto-launch-2013-01/Whampoa_Dew_Maps&amp;Plans.pdf"" target=""blank"">plans</a>",
Choa Chu Kang,Keat Kong Mirage,HS-BTO,21 Nov 2012,3Q 2016,non-m,1159,"<a href=""/hdb-brochures/bto-2012-11/Keat_Hong_Mirage.pdf"" target=""_blank"">brochure</a>","<a href=""/hdb-brochures/bto-launch-2012-11/Keat_Hong_Mirage_General_Info.pdf"" target=""blank"">info</a> <a href=""/hdb-brochures/bto-launch-2012-11/Keat_Hong_Mirage_Maps&amp;Plans.pdf"" target=""blank"">plans</a>",
Sengkang,Compassvale Mast,HS-BTO,21 Nov 2012,2Q 2016,non-m,928,"<a href=""/hdb-brochures/bto-2012-11/Compassvale_Mast.pdf"" target=""_blank"">brochure</a>","<a href=""/hdb-brochures/bto-launch-2012-11/CompassvaleMast_RivervaleDelta_General_Info.pdf"" target=""blank"">info</a> <a href=""/hdb-brochures/bto-launch-2012-11/Compassvale_Mast_Maps&amp;Plans.pdf"" target=""blank"">plans</a>",
Sengkang,Rivervale Delta,HS-BTO,21 Nov 2012,2Q 2016,non-m,884,"<a href=""/hdb-brochures/bto-2012-11/Rivervale_Delta.pdf"" target=""_blank"">brochure</a>","<a href=""/hdb-brochures/bto-launch-2012-11/CompassvaleMast_RivervaleDelta_General_Info.pdf"" target=""blank"">info</a> <a href=""/hdb-brochures/bto-launch-2012-11/Rivervale_Delta_Maps&amp;Plans.pdf"" target=""blank"">plans</a>",
Bedok,Fengshan GreenVille,HS-BTO,21 Nov 2012,4Q 2017 - 4Q 2018,mature,1058,"<a href=""/hdb-brochures/bto-2012-11/Fengshan_GreenVille.pdf"" target=""_blank"">brochure</a>","<a href=""/hdb-brochures/bto-launch-2012-11/Fengshan_GreenVille_General_Info.pdf"" target=""blank"">info</a> <a href=""/hdb-brochures/bto-launch-2012-11/Fengshan_GreenVille_Maps&amp;Plans.pdf"" target=""blank"">plans</a>",
Queenstown,Ghim Moh Edge,HS-BTO,21 Nov 2012,2Q 2017,mature,1179,"<a href=""/hdb-brochures/bto-2012-11/Ghim_Moh_Edge.pdf"" target=""_blank"">brochure</a>","<a href=""/hdb-brochures/bto-launch-2012-11/Ghim_Moh_Edge_General_Info.pdf"" target=""blank"">info</a> <a href=""/hdb-brochures/bto-launch-2012-11/Ghim_Moh_Edge_Maps&amp;Plans.pdf"" target=""blank"">plans</a>",
Toa Payoh,Joo Seng Green,HS-BTO,21 Nov 2012,1Q 2016,mature,248,"<a href=""/hdb-brochures/bto-2012-11/Joo_Seng_Green.pdf"" target=""_blank"">brochure</a>","<a href=""/hdb-brochures/bto-launch-2012-11/JooSengGreen_ToaPayohCrest_General_Info.pdf"" target=""blank"">info</a> <a href=""/hdb-brochures/bto-launch-2012-11/Joo_Seng_Green_Maps&amp;Plans.pdf"" target=""blank"">plans</a>",
Toa Payoh,Toa Payoh Crest,HS-BTO,21 Nov 2012,3Q 2017,mature,1007,"<a href=""/hdb-brochures/bto-2012-11/Toa_Payoh_Crest.pdf"" target=""_blank"">brochure</a>","<a href=""/hdb-brochures/bto-launch-2012-11/JooSengGreen_ToaPayohCrest_General_Info.pdf"" target=""blank"">info</a> <a href=""/hdb-brochures/bto-launch-2012-11/Toa_Payoh_Crest_Maps&amp;Plans.pdf"" target=""blank"">plans</a>",
Choa Chu Kang,Keat Hong Quad,HS-BTO,27 Sep 2012,1Q 2016,non-m,524,,"<a href=""/hdb-brochures/bto-launch-2012-09/Keat_Hong_Quad_General_Info.pdf"" target=""blank"">info</a> <a href=""/hdb-brochures/bto-launch-2012-09/Keat_Hong_Quad_Maps&amp;Plans.pdf"" target=""blank"">plans</a>",
Woodlands,TreeTrail @ Woodlands,HS-BTO,27 Sep 2012,2Q 2016,non-m,652,,"<a href=""/hdb-brochures/bto-launch-2012-09/TreeTrail@Woodlands_GoldenSaffron_General_Info.pdf"" target=""blank"">info</a> <a href=""/hdb-brochures/bto-launch-2012-09/TreeTrail@Woodlands_Maps&amp;Plans.pdf"" target=""blank"">plans</a>",
Woodlands,Golden Saffron,HS-BTO,27 Sep 2012,2Q 2015,non-m,128,,,
Ang Mo Kio,Cheng San Court,HS-BTO,27 Sep 2012,1Q 2018,mature,712,,"<a href=""/hdb-brochures/bto-launch-2012-09/ChengSanCourt_TeckGheeParkview_General_Info.pdf"" target=""blank"">info</a> <a href=""/hdb-brochures/bto-launch-2012-09/Cheng_San_Court_Maps&amp;Plans.pdf"" target=""blank"">plans</a>",
Ang Mo Kio,Teck Ghee Parkview,HS-BTO,27 Sep 2012,1Q 2017,mature,576,,"<a href=""/hdb-brochures/bto-launch-2012-09/ChengSanCourt_TeckGheeParkview_General_Info.pdf"" target=""blank"">info</a> <a href=""/hdb-brochures/bto-launch-2012-09/Teck_Ghee_Parkview_Maps&amp;Plans.pdf"" target=""blank"">plans</a>",
Tampines,Tampines Greenlace,HS-BTO,27 Sep 2012,1Q 2016,mature,380,,"<a href=""/hdb-brochures/bto-launch-2012-09/Tampines_GreenLace_General_Info.pdf"" target=""blank"">info</a> <a href=""/hdb-brochures/bto-launch-2012-09/Tampines_GreenLace_Maps&amp;Plans.pdf"" target=""blank"">plans</a>",
Kallang/Whampoa,Tenteram Peak,HS-BTO,27 Sep 2012,4Q 2016,mature,755,,"<a href=""/hdb-brochures/bto-launch-2012-09/Tenteram_Peak_General_Info.pdf"" target=""blank"">info</a> <a href=""/hdb-brochures/bto-launch-2012-09/Tenteram_Peak_Maps&amp;Plans.pdf"" target=""blank"">plans</a>",
Choa Chu Kang,Keat Hong Axis,HS-BTO,31 Jul 2012,1Q 2016,non-m,1130,,"<a href=""/hdb-brochures/bto-launch-2012-07/Keat_Hong_Axis_General_Info.pdf"" target=""blank"">info</a> <a href=""/hdb-brochures/bto-launch-2012-07/Keat_Hong_Axis_Maps&amp;Plans.pdf"" target=""blank"">plans</a>",
Punggol,Punggol Opal,HS-BTO,31 Jul 2012,4Q 2015,non-m,526,,"<a href=""/hdb-brochures/bto-launch-2012-07/PunggolOpal_WaterwayCascadia_General_Info.pdf"" target=""blank"">info</a> <a href=""/hdb-brochures/bto-launch-2012-07/Punggol_Opal_Maps&amp;Plans.pdf"" target=""blank"">plans</a>",
Punggol,Waterway Cascadia,HS-BTO,31 Jul 2012,3Q 2016,non-m,1009,,"<a href=""/hdb-brochures/bto-launch-2012-07/PunggolOpal_WaterwayCascadia_General_Info.pdf"" target=""blank"">info</a> <a href=""/hdb-brochures/bto-launch-2012-07/Waterway_Cascadia_Maps&amp;Plans.pdf"" target=""blank"">plans</a>",
Clementi,Clementi Gateway,HS-BTO,31 Jul 2012,3Q 2016,mature,278,,"<a href=""/hdb-brochures/bto-launch-2012-07/Clementi_Gateway_General_Info.pdf"" target=""blank"">info</a> <a href=""/hdb-brochures/bto-launch-2012-07/Clementi_Gateway_Maps&amp;Plans.pdf"" target=""blank"">plans</a>",
Bukit Merah,Depot Heights,HS-BTO,31 Jul 2012,3Q 2016,mature,418,,"<a href=""/hdb-brochures/bto-launch-2012-07/DepotHeights_TelokBlangahRidgeview_General_Info.pdf"" target=""blank"" rel=""noopener noreferrer"">info</a> <a href=""/hdb-brochures/bto-launch-2012-07/Depot_Heights_Maps&amp;Plans.pdf"" target=""blank"" rel=""noopener noreferrer"">plans</a>",
Bukit Merah,Telok Blangah Ridgeview,HS-BTO,31 Jul 2012,1Q 2016,mature,492,,"<a href=""/hdb-brochures/bto-launch-2012-07/DepotHeights_TelokBlangahRidgeview_General_Info.pdf"" target=""blank"" rel=""noopener noreferrer"">info</a> <a href=""/hdb-brochures/bto-launch-2012-07/Telok_Blangah_Ridgeview_Maps&Plans.pdf"" target=""blank"" rel=""noopener noreferrer"">plans</a>",
Geylang,Greentops @ Sims Place,HS-BTO,31 Jul 2012,4Q 2015,mature,338,,"<a href=""/hdb-brochures/bto-launch-2012-07/GreenTops_Sims_Place_General_Info.pdf"" target=""blank"">info</a> <a href=""/hdb-brochures/bto-launch-2012-07/GreenTops_Sims_Place_Maps&amp;Plans.pdf"" target=""blank"">plans</a>",
Sengkang,Compassvale Boardwalk,HS-BTO,30 May 2012,4Q 2015,non-m,474,,"<a href=""/hdb-brochures/bto-launch-2012-05/Compassvale_Boardwalk_General_Info.pdf"" target=""blank"">info</a> <a href=""/hdb-brochures/bto-launch-2012-05/Compassvale_Boardwalk_Maps&amp;Plans.pdf"" target=""blank"">plans</a>",
Choa Chu Kang,Keat Hong Pride,HS-BTO,30 May 2012,2Q 2016,non-m,1143,,"<a href=""/hdb-brochures/bto-launch-2012-05/Keat_Hong_Pride_General_Info.pdf"" target=""blank"">info</a> <a href=""/hdb-brochures/bto-launch-2012-05/Keat_Hong_Pride_Maps&amp;Plans.pdf"" target=""blank"">plans</a>",
Punggol,Punggol Edge,HS-BTO,30 May 2012,2Q 2016,non-m,688,,"<a href=""/hdb-brochures/bto-launch-2012-05/PunggolEdge_WaterwaySunDew_General_Info.pdf"" target=""blank"">info</a> <a href=""/hdb-brochures/bto-launch-2012-05/Punggol_Edge_Maps&amp;Plans.pdf"" target=""blank"">plans</a>",
Punggol,Waterway SunDew,HS-BTO,30 May 2012,2Q 2016,non-m,837,,"<a href=""/hdb-brochures/bto-launch-2012-05/PunggolEdge_WaterwaySunDew_General_Info.pdf"" target=""blank"">info</a> <a href=""/hdb-brochures/bto-launch-2012-05/Waterway_SunDew_Maps&amp;Plans.pdf"" target=""blank"">plans</a>",
Kallang/Whampoa,Bendemeer Light,HS-BTO,30 May 2012,4Q 2016,mature,624,,"<a href=""/hdb-brochures/bto-launch-2012-05/BendemeerLight_McNairTowers_General_Info.pdf"" target=""blank"">info</a> <a href=""/hdb-brochures/bto-launch-2012-05/Bendemeer_Light_Maps&amp;Plans.pdf"" target=""blank"">plans</a>",
Kallang/Whampoa,McNair Towers,HS-BTO,30 May 2012,4Q 2016,mature,861,,"<a href=""/hdb-brochures/bto-launch-2012-05/BendemeerLight_McNairTowers_General_Info.pdf"" target=""blank"">info</a> <a href=""/hdb-brochures/bto-launch-2012-05/McNair_Towers_Maps&amp;Plans.pdf"" target=""blank"">plans</a>",
Bukit Batok,Skyline I @ Bukit Batok,HS-BTO,28 Mar 2012,2Q 2016,non-m,488,,"<a href=""/hdb-brochures/bto-launch-2012-03/Skyline_I_II_Bukit_Batok_General_Info.pdf"" target=""blank"">info</a> <a href=""/hdb-brochures/bto-launch-2012-03/Skyline_I_II_Bukit_Batok_Maps&amp;Plans.pdf"" target=""blank"">plans</a>",
Bukit Batok,Skyline II @ Bukit Batok,HS-BTO,28 Mar 2012,1Q 2017,non-m,744,,"<a href=""/hdb-brochures/bto-launch-2012-03/Skyline_I_II_Bukit_Batok_General_Info.pdf"" target=""blank"">info</a> <a href=""/hdb-brochures/bto-launch-2012-03/Skyline_I_II_Bukit_Batok_Maps&amp;Plans.pdf"" target=""blank"">plans</a>",
Bukit Panjang,Fajar Hills,HS-BTO,28 Mar 2012,4Q 2015,mature,862,,"<a href=""/hdb-brochures/bto-launch-2012-03/Fajar_Hills_General_Info.pdf"" target=""blank"">info</a> <a href=""/hdb-brochures/bto-launch-2012-03/Fajar_Hills_Maps&amp;Plans.pdf"" target=""blank"">plans</a>",
Clementi,Clementi Ridges,HS-BTO,28 Mar 2012,3Q 2016,mature,684,,"<a href=""/hdb-brochures/bto-launch-2012-03/Clementi_Ridges_General_Info.pdf"" target=""blank"">info</a> <a href=""/hdb-brochures/bto-launch-2012-03/Clementi_Ridges_Maps&amp;Plans.pdf"" target=""blank"">plans</a>",
Geylang,MacPherson Residency,HS-BTO,28 Mar 2012,4Q 2015,mature,637,,"<a href=""/hdb-brochures/bto-launch-2012-03/MacPherson_Residency_General_Info.pdf"" target=""blank"">info</a> <a href=""/hdb-brochures/bto-launch-2012-03/MacPherson_Residency_Maps&amp;Plans.pdf"" target=""blank"">plans</a>",
Bedok,Ping Yi Greens,HS-BTO,28 Mar 2012,4Q 2015,mature,418,,"<a href=""/hdb-brochures/bto-launch-2012-03/Ping%2520Yi%2520Greens_General_Info.pdf"" target=""blank"">info</a> <a href=""/hdb-brochures/bto-launch-2012-03/Ping%2520Yi%2520Greens_Maps&amp;Plans.pdf"" target=""blank"">plans</a>",
Bukit Timah,Golden Kismis,HS-BTO,28 Mar 2012,3Q 2015,mature,132,,"<a href=""/hdb-brochures/bto-launch-2012-03/Golden_Kismis_General_Info.pdf"" target=""blank"">info</a> <a href=""/hdb-brochures/bto-launch-2012-03/Golden_Kismis_Maps&amp;Plans.pdf"" target=""blank"">plans</a>",
Toa Payoh,Golden Clover,HS-BTO,28 Mar 2012,3Q 2015,mature,188,,"<a href=""/hdb-brochures/bto-launch-2012-03/Golden_Clover_General_Info.pdf"" target=""blank"">info</a> <a href=""/hdb-brochures/bto-launch-2012-03/Golden_Clover_Maps&amp;Plans.pdf"" target=""blank"">plans</a>",
Choa Chu Kang,Sunshine Gardens,HS-BTO,12 Jan 2012,2Q 2015,,1528,,"<a href=""/hdb-brochures/bto-launch-2012-01/Sunshine_Gardens_General_Info.pdf"" target=""blank"">info</a> <a href=""/hdb-brochures/bto-launch-2012-01/Sunshine_Gardens_Maps&amp;Plans.pdf"" target=""blank"">plans</a>",
Sengkang,Fernvale Lea,HS-BTO,12 Jan 2012,3Q 2015,,1150,,"<a href=""/hdb-brochures/bto-launch-2012-01/Fernvale_Lea_General_Info.pdf"" target=""blank"">info</a> <a href=""/hdb-brochures/bto-launch-2012-01/Fernvale_Lea_Maps&amp;Plans.pdf"" target=""blank"">plans</a>",
Punggol,Waterway Sunbeam,HS-BTO,12 Jan 2012,2Q 2015,,661,,"<a href=""/hdb-brochures/bto-launch-2012-01/Waterway_Sunbeam_General_Info.pdf"" target=""blank"">info</a> <a href=""/hdb-brochures/bto-launch-2012-01/Waterway_Sunbeam_Maps&amp;Plans.pdf"" target=""blank"">plans</a>",
Tampines,Tampines GreenTerrace,HS-BTO,12 Jan 2012,3Q 2014,,295,,"<a href=""/hdb-brochures/bto-launch-2012-01/Tampines_GreenTerrace_Alcoves_General_Info.pdf"" target=""blank"">info</a> <a href=""/hdb-brochures/bto-launch-2012-01/Tampines_GreenTerrace_Maps&amp;Plans.pdf"" target=""blank"">plans</a>",
Tampines,Tampines Alcoves,HS-BTO,12 Jan 2012,3Q 2014,,289,,"<a href=""/hdb-brochures/bto-launch-2012-01/Tampines_GreenTerrace_Alcoves_General_Info.pdf"" target=""blank"">info</a> <a href=""/hdb-brochures/bto-launch-2012-01/Tampines_GreenTerrace_Maps&amp;Plans.pdf"" target=""blank"">plans</a>",
Punggol,Waterway Ridges,HS-BTO,24 Nov 2011,2Q 2015,,832,,"<a href=""/hdb-brochures/bto-launch-2011-11/Waterway_Ridges_Waterway_Banks_General_Info.pdf"" target=""blank"">info</a> <a href=""/hdb-brochures/bto-launch-2011-11/Waterway_Ridges_Maps&amp;Plans.pdf"" target=""blank"">plans</a>",
Punggol,Waterway Banks,HS-BTO,24 Nov 2011,2Q 2014,,1016,,"<a href=""/hdb-brochures/bto-launch-2011-11/Waterway_Ridges_Waterway_Banks_General_Info.pdf"" target=""blank"">info</a> <a href=""/hdb-brochures/bto-launch-2011-11/Waterway_Banks_Maps&amp;Plans.pdf"" target=""blank"">plans</a>",
Hougang,Hougang Capeview,HS-BTO,24 Nov 2011,1Q 2015,,781,,"<a href=""/hdb-brochures/bto-launch-2011-11/Hougang_Capeview_Hougang_DewCourt_General_Info.pdf"" target=""blank"">info</a> <a href=""/hdb-brochures/bto-launch-2011-11/Hougang_Capeview_Maps&amp;Plans.pdf"" target=""blank"">plans</a>",
Hougang,Hougang DewCourt,HS-BTO,24 Nov 2011,1Q 2015,,379,,"<a href=""/hdb-brochures/bto-launch-2011-11/Hougang_Capeview_Hougang_DewCourt_General_Info.pdf"" target=""blank"">info</a> <a href=""/hdb-brochures/bto-launch-2011-11/Hougang_DewCourt_Maps&amp;Plans.pdf"" target=""blank"">plans</a>",
Yishun,Acacia Breeze,HS-BTO,24 Nov 2011,1Q 2015,,834,,"<a href=""/hdb-brochures/bto-launch-2011-11/Acacia_Breeze_General_Info.pdf"" target=""blank"">info</a> <a href=""/hdb-brochures/bto-launch-2011-11/Acacia_Breeze_Maps&amp;Plans.pdf"" target=""blank"">plans</a>",
Bukit Panjang,Fajar Spring,HS-BTO,24 Nov 2011,4Q 2014,,264,,"<a href=""/hdb-brochures/bto-launch-2011-11/Fajar_Spring_Vista_General_Info.pdf"" target=""blank"">info</a> <a href=""/hdb-brochures/bto-launch-2011-11/Fajar_Spring_Maps&amp;Plans.pdf"" target=""blank"">plans</a>",
Bedok,Golden Cassia,HS-BTO,24 Nov 2011,4Q 2014,,129,,"<a href=""/hdb-brochures/bto-launch-2011-11/Golden_Cassia_General_Info.pdf"" target=""blank"">info</a> <a href=""/hdb-brochures/bto-launch-2011-11/Golden_Cassia_Maps&amp;Plans.pdf"" target=""blank"">plans</a>",
Punggol,Waterway Woodcress,HS-BTO,22 Sep 2011,1Q 2015,,694,,"<a href=""/hdb-brochures/bto-launch-2011-09/Waterway_Brooks_Waterway_Woodcress_General_Info.pdf"" target=""blank"">info</a> <a href=""/hdb-brochures/bto-launch-2011-09/Waterway_Woodcress_Maps&amp;Plans.pdf"" target=""blank"">plans</a>",
Punggol,Waterway Brooks,HS-BTO,22 Sep 2011,3Q 2015,,1312,,"<a href=""/hdb-brochures/bto-launch-2011-09/Waterway_Brooks_Waterway_Woodcress_General_Info.pdf"" target=""blank"">info</a> <a href=""/hdb-brochures/bto-launch-2011-09/Waterway_Brooks_Maps&amp;Plans.pdf"" target=""blank"">plans</a>",
Sengkang,Anchorvale Harvest,HS-BTO,22 Sep 2011,3Q 2014,,717,,"<a href=""/hdb-brochures/bto-launch-2011-09/Anchorvale_Harvest_Fernvale_Rivergrove_General_Info.pdf"" target=""blank"">info</a> <a href=""/hdb-brochures/bto-launch-2011-09/Anchorvale_Harvest_Maps&Plans.pdf"" target=""blank"">plans</a>",
Sengkang,Fernvale Rivergrove,HS-BTO,22 Sep 2011,3Q 2015,,1728,,"<a href=""/hdb-brochures/bto-launch-2011-09/Anchorvale_Harvest_Fernvale_Rivergrove_General_Info.pdf"" target=""blank"">info</a> <a href=""/hdb-brochures/bto-launch-2011-09/Fernvale_Rivergrove_Maps&amp;Plans.pdf"" target=""blank"">plans</a>",
Ang Mo Kio,Yio Chu Kang Vista,HS-BTO,22 Sep 2011,4Q 2014,,256,,"<a href=""/hdb-brochures/bto-launch-2011-09/Yio_Chu_Kang_Vista_General_Info.pdf"" target=""blank"">info</a> <a href=""/hdb-brochures/bto-launch-2011-09/Yio_Chu_Kang_Vista_Maps&amp;Plans.pdf"" target=""blank"">plans</a>",
Jurong East,Teban View,HS-BTO,22 Sep 2011,4Q 2015,,518,,"<a href=""/hdb-brochures/bto-launch-2011-09/Teban_View_General_Info.pdf"" target=""blank"">info</a> <a href=""/hdb-brochures/bto-launch-2011-09/Teban_View_Maps&amp;Plans.pdf"" target=""blank"">plans</a>",
Jurong West,Golden Peony,HS-BTO,22 Sep 2011,3Q 2014,,190,,"<a href=""/hdb-brochures/bto-launch-2011-09/Golden_Peony_General_Info.pdf"" target=""blank"">info</a> <a href=""/hdb-brochures/bto-launch-2011-09/Golden_Peony_Maps&amp;Plans.pdf"" target=""blank"">plans</a>",
Yishun,Yishun Natura,HS-BTO,14 Jul 2011,4Q 2014,,364,,"<a href=""/hdb-brochures/bto-launch-2011-07/Yishun_Natura_General_Info.pdf"" target=""blank"">info</a> <a href=""/hdb-brochures/bto-launch-2011-07/Yishun_Natura_Maps&amp;Plans.pdf"" target=""blank"">plans</a>",
Bukit Panjang,Segar Meadows,HS-BTO,14 Jul 2011,3Q 2014,,300,,"<a href=""/hdb-brochures/bto-launch-2011-07/Segar_Meadows_Maps&amp;Plans.pdf"" target=""blank"">info</a> <a href=""/hdb-brochures/bto-launch-2011-07/Segar_Meadows_Maps&amp;Plans.pdf"" target=""blank"">plans</a>",
Bukit Panjang,Segar Palmview,HS-BTO,14 Jul 2011,4Q 2014,,682,,"<a href=""/hdb-brochures/bto-launch-2011-07/Segar_Meadows_Maps&amp;Plans.pdf"" target=""blank"">info</a> <a href=""/hdb-brochures/bto-launch-2011-07/Segar_Palmview_Maps&amp;Plans.pdf"" target=""blank"">plans</a>",
Sengkang,Anchorvale Isles,HS-BTO,14 Jul 2011,2Q 2014,,675,,"<a href=""/hdb-brochures/bto-launch-2011-07/Anchorvale_Isles_Fernvale_Riverbow_General_Info.pdf"" target=""blank"">info</a> <a href=""/hdb-brochures/bto-launch-2011-07/Anchorvale_Isles_Maps&amp;Plans.pdf"" target=""blank"">plans</a>",
Sengkang,Fernvale Riverbow,HS-BTO,14 Jul 2011,4Q 2014,,1154,,"<a href=""/hdb-brochures/bto-launch-2011-07/Anchorvale_Isles_Fernvale_Riverbow_General_Info.pdf"" target=""blank"">info</a> <a href=""/hdb-brochures/bto-launch-2011-07/Fernvale_Riverbow_Maps&amp;Plans.pdf"" target=""blank"">plans</a>",
Tampines,Golden Carnation,HS-BTO,14 Jul 2011,1Q 2014,,149,,"<a href=""/hdb-brochures/bto-launch-2011-07/Golden_Carnation_General_Info.pdf"" target=""blank"">info</a> <a href=""/hdb-brochures/bto-launch-2011-07/Golden_Carnation_Maps&amp;Plans.pdf"" target=""blank"">plans</a>",
Jurong West,Golden Orchid,HS-BTO,14 Jul 2011,2Q 2014,,232,,"<a href=""/hdb-brochures/bto-launch-2011-07/Golden_Orchid_General_Info.pdf"" target=""blank"">info</a> <a href=""/hdb-brochures/bto-launch-2011-07/Golden_Orchid_Maps&amp;Plans.pdf"" target=""blank"">plans</a>",
Pasir Ris,Costa Ris,HS-BTO,27 May 2011,3Q 2014,,1386,,"<a href=""/hdb-brochures/bto-launch-2011-05/Costa_Ris_Golden_Lily_General_Info.pdf"" target=""blank"">info</a> <a href=""/hdb-brochures/bto-launch-2011-05/Costa_Ris_Maps&amp;Plans.pdf"" target=""blank"">plans</a>",
Pasir Ris,Golden Lily,HS-BTO,27 May 2011,4Q 2013,,185,,"<a href=""/hdb-brochures/bto-launch-2011-05/Costa_Ris_Golden_Lily_General_Info.pdf"" target=""blank"">info</a> <a href=""/hdb-brochures/bto-launch-2011-05/Golden_Lily_Maps&amp;Plans.pdf"" target=""blank"">plans</a>",
Punggol,Punggol Parcvista,HS-BTO,27 May 2011,2Q 2014,,682,,"<a href=""/hdb-brochures/bto-launch-2011-05/Punggol_Parcvista_General_Info.pdf"" target=""blank"">info</a> <a href=""/hdb-brochures/bto-launch-2011-05/Punggol_Parcvista_Maps&amp;Plans.pdf"" target=""blank"">plans</a>",
Tampines,Tampines GreenLeaf,HS-BTO,27 May 2011,3Q 2014,,960,,"<a href=""/hdb-brochures/bto-launch-2011-05/Tampines_GreenLeaf_GreenWood_General_Info.pdf"" target=""blank"">info</a> <a href=""/hdb-brochures/bto-launch-2011-05/Tampines_GreenLeaf_Maps&amp;Plans.pdf"" target=""blank"">plans</a>",
Tampines,Tampines GreenWood,HS-BTO,27 May 2011,2Q 2014,,522,,"<a href=""/hdb-brochures/bto-launch-2011-05/Tampines_GreenLeaf_GreenWood_General_Info.pdf"" target=""blank"">info</a> <a href=""/hdb-brochures/bto-launch-2011-05/Tampines_GreenWood_Maps&amp;Plans.pdf"" target=""blank"">plans</a>",
Woodlands,Woodlands Peak,HS-BTO,27 May 2011,3Q 2015,,222,,"<a href=""/hdb-brochures/bto-launch-2011-05/Woodlands_Peak_General_Info.pdf"" target=""blank"">info</a> <a href=""/hdb-brochures/bto-launch-2011-05/Woodlands_Peak_Maps&amp;Plans.pdf"" target=""blank"">plans</a>",
Punggol,Waterway Terraces II,HS-BTO,25 Apr 2011,2Q 2015,,804,,"<a href=""/hdb-brochures/bto-launch-2011-04/Waterway_Terraces_II_General_Info.pdf"" target=""blank"">info</a> <a href=""/hdb-brochures/bto-launch-2011-04/Waterway_Terraces_II_Maps&amp;Plans.pdf"" target=""blank"">plans</a>",
Sengkang,Anchorvale Cove,HS-BTO,25 Apr 2011,4Q 2014,,1011,,"<a href=""/hdb-brochures/bto-launch-2011-04/Anchorvale_Cove_General_Info.pdf"" target=""blank"">info</a> <a href=""/hdb-brochures/bto-launch-2011-04/Anchorvale_Cove_Maps&amp;Plans.pdf"" target=""blank"">plans</a>",
Hougang,Hougang Parkview,HS-BTO,25 Apr 2011,2Q 2014,,792,,"<a href=""/hdb-brochures/bto-launch-2011-04/Hougang_Parkview_General_Info.pdf"" target=""blank"">info</a> <a href=""/hdb-brochures/bto-launch-2011-04/Hougang_Parkview_Maps&amp;Plans.pdf"" target=""blank"">plans</a>",
Sembawang,Montreal Ville,HS-BTO,25 Apr 2011,1Q 2014,,578,,"<a href=""/hdb-brochures/bto-launch-2011-04/Montreal_Ville_General_Info.pdf"" target=""blank"">info</a> <a href=""/hdb-brochures/bto-launch-2011-04/Montreal_Ville_Maps&amp;Plans.pdf"" target=""blank"">plans</a>",
Jurong West,Boon Lay Fields,HS-BTO,24 Mar 2011,1Q 2014,,491,,"<a href=""/hdb-brochures/bto-launch-2011-03/Boon_Lay_Fields_General_Info.pdf"" target=""blank"">info</a> <a href=""/hdb-brochures/bto-launch-2011-03/Boon_Lay_Fields_Maps&amp;Plans.pdf"" target=""blank"">plans</a>",
Sengkang,Compassvale Ancilla,HS-BTO,24 Mar 2011,3Q 2014,,1038,,"<a href=""/hdb-brochures/bto-launch-2011-03/Compassvale_Ancilla_General_Info.pdf"" target=""blank"">info</a> <a href=""/hdb-brochures/bto-launch-2011-03/Compassvale_Ancilla_Maps&amp;Plans.pdf"" target=""blank"">plans</a>",
Sengkang,Fernvale Flora,HS-BTO,28 Feb 2011,2Q 2014,,521,,"<a href=""/hdb-brochures/bto-launch-2011-02/Fernvale_Flora_Fernvale_Gardens_General_Info.pdf"" target=""blank"">info</a> <a href=""/hdb-brochures/bto-launch-2011-02/Fernvale_Flora_Maps&amp;Plans.pdf"" target=""blank"">plans</a>",
Sengkang,Fernvale Gardens,HS-BTO,28 Feb 2011,2Q 2014,,382,,"<a href=""/hdb-brochures/bto-launch-2011-02/Fernvale_Flora_Fernvale_Gardens_General_Info.pdf"" target=""blank"">info</a> <a href=""/hdb-brochures/bto-launch-2011-02/Fernvale_Gardens_Maps&amp;Plans.pdf"" target=""blank"">plans</a>",
Bukit Panjang,Segar Vale,HS-BTO,28 Feb 2011,2Q 2014,,690,,"<a href=""/hdb-brochures/bto-launch-2011-02/Segar_Vale_General_Info.pdf"" target=""blank"">info</a> <a href=""/hdb-brochures/bto-launch-2011-02/Segar_Vale_Maps&amp;Plans.pdf"" target=""blank"">plans</a>",
Bukit Batok,Golden Daisy,HS-BTO,25 Jan 2011,1Q 2014,,180,,"<a href=""/hdb-brochures/bto-launch-2011-01/Golden_Daisy_General_Info.pdf"" target=""blank"">info</a> <a href=""/hdb-brochures/bto-launch-2011-01/Golden_Daisy_Maps&amp;Plans.pdf"" target=""blank"">plans</a>",
Yishun,Orchid Spring @ Yishun,HS-BTO,25 Jan 2011,4Q 2014,,948,,"<a href=""/hdb-brochures/bto-launch-2011-01/Orchid_Spring_Maps&amp;Plans.pdf"" target=""blank"">info</a> <a href=""/hdb-brochures/bto-launch-2011-01/Orchid_Spring_Maps&amp;Plans.pdf"" target=""blank"">plans</a>",
Yishun,Vista Spring @ Yishun,HS-BTO,25 Jan 2011,3Q 2014,,696,,"<a href=""/hdb-brochures/bto-launch-2011-01/Orchid_Spring_Maps&amp;Plans.pdf"" target=""blank"">info</a> <a href=""/hdb-brochures/bto-launch-2011-01/Vista_Spring_Maps&amp;Plans.pdf"" target=""blank"">plans</a>",
Punggol,Punggol Topaz,HS-BTO,22 Dec 2010,2Q 2015,,1010,,"<a href=""/hdb-brochures/bto-launch-2010-12/Punggol_Topaz_General_Info.pdf"" target=""blank"">info</a> <a href=""/hdb-brochures/bto-launch-2010-12/Punggol_Topaz_Maps&amp;Plans.pdf"" target=""blank"">plans</a>",
Yishun,Yishun Greenwalk,HS-BTO,18 Nov 2010,3Q 2014,,1176,,"<a href=""/hdb-brochures/bto-launch-2010-11/Yishun_Greenwalk_General_Info.pdf"" target=""blank"">info</a> <a href=""/hdb-brochures/bto-launch-2010-11/Yishun_Greenwalk_Maps&amp;Plans.pdf"" target=""blank"">plans</a>",
Sengkang,Anchorvale Horizon,HS-BTO,26 Oct 2010,1Q 2014,,745,,"<a href=""/hdb-brochures/bto-launch-2010-10/Anchorvale_Horizon_General_Info.pdf"" target=""blank"">info</a> <a href=""/hdb-brochures/bto-launch-2010-10/Anchorvale_Horizon_Maps&amp;Plans.pdf"" target=""blank"">plans</a>",
Bukit Panjang,Senja Parc View,HS-BTO,26 Oct 2010,4Q 2014,,577,,"<a href=""/hdb-brochures/bto-launch-2010-10/Senja_Parc_View_General_Info.pdf"" target=""blank"">info</a> <a href=""/hdb-brochures/bto-launch-2010-10/Senja_Parc_View_Maps&amp;Plans.pdf"" target=""blank"">plans</a>",
Woodlands,Woodlands Dew,HS-BTO,21 Sep 2010,2Q 2014,,789,,"<a href=""/hdb-brochures/bto-launch-2010-09/Woodlands_Dew_General_Info.pdf"" target=""blank"">info</a> <a href=""/hdb-brochures/bto-launch-2010-09/Woodlands_Dew_Maps&amp;Plans.pdf"" target=""blank"">plans</a>",
Woodlands,Woodlands Meadow,HS-BTO,21 Sep 2010,2Q 2014,,540,,"<a href=""/hdb-brochures/bto-launch-2010-09/Woodlands_Meadow_General_Info.pdf"" target=""blank"">info</a> <a href=""/hdb-brochures/bto-launch-2010-09/Woodlands_Meadow_Maps&amp;Plans.pdf"" target=""blank"">plans</a>",
Yishun,Yishun Riverwalk,HS-BTO,31 Aug 2010,4Q 2014,,1408,,"<a href=""/hdb-brochures/bto-launch-2010-08/Yishun_Riverwalk_General_Info.pdf"" target=""blank"">info</a> <a href=""/hdb-brochures/bto-launch-2010-08/Yishun_Riverwalk_Maps&amp;Plans.pdf"" target=""blank"">plans</a>",
Jurong West,Corporation Tiara,HS-BTO,29 Jul 2010,2Q 2014,,465,,"<a href=""/hdb-brochures/bto-launch-2010-07/Corporation_Tiara_General_Info.pdf"" target=""blank"">info</a> <a href=""/hdb-brochures/bto-launch-2010-07/Corporation_Tiara_Maps&amp;Plans.pdf"" target=""blank"">plans</a>",
Bukit Panjang,Senja Gateway,HS-BTO,29 Jul 2010,3Q 2014,,741,,"<a href=""/hdb-brochures/bto-launch-2010-07/Senja_Gateway_General_Info.pdf"" target=""blank"">info</a> <a href=""/hdb-brochures/bto-launch-2010-07/Senja_Gateway_Maps&amp;Plans.pdf"" target=""blank"">plans</a>",
Punggol,Waterway Terraces,HS-BTO,30 Jun 2010,1Q 2015,,1072,,"<a href=""/hdb-brochures/bto-launch-2010-06/Waterway_Terraces_General_Info.pdf"" target=""blank"">info</a> <a href=""/hdb-brochures/bto-launch-2010-06/Waterway_Terraces_Maps&amp;Plans.pdf"" target=""blank"">plans</a>",
Sengkang,Fernvale Foliage,HS-BTO,30 Jun 2010,2Q 2014,,504,,"<a href=""/hdb-brochures/bto-launch-2010-06/Fernvale_Foliage_General_Info.pdf"" target=""blank"">info</a> <a href=""/hdb-brochures/bto-launch-2010-06/Fernvale_Foliage_Maps&amp;Plans.pdf"" target=""blank"">plans</a>",
Sengkang,Rivervale Arc,HS-BTO,30 Jun 2010,1Q 2014,,1120,,"<a href=""/hdb-brochures/bto-launch-2010-06/Rivervale_Arc_General_Info.pdf"" target=""blank"">info</a> <a href=""/hdb-brochures/bto-launch-2010-06/Rivervale_Arc_Maps&amp;Plans.pdf"" target=""blank"">plans</a>",
Jurong West,Boon Lay Grove,HS-BTO,06 May 2010,4Q 2013,,450,,"<a href=""/hdb-brochures/bto-launch-2010-05/Boon_Lay_Grove_General_Info.pdf"" target=""blank"">info</a> <a href=""/hdb-brochures/bto-launch-2010-05/Boon_Lay_Grove_Maps&amp;Plans.pdf"" target=""blank"">plans</a>",
Yishun,Floral Spring,HS-BTO,06 May 2010,1Q 2014,,600,,"<a href=""/hdb-brochures/bto-launch-2010-05/Floral_Spring_General_Info.pdf"" target=""blank"">info</a> <a href=""/hdb-brochures/bto-launch-2010-05/Floral_Spring_Maps&amp;Plans.pdf"" target=""blank"">plans</a>",
Punggol,Punggol Emerald,HS-BTO,20 Apr 2010,2Q 2014,,856,,"<a href=""/hdb-brochures/bto-launch-2010-04/Punggol_Emerald_General_Info.pdf"" target=""blank"">info</a> <a href=""/hdb-brochures/bto-launch-2010-04/Punggol_Emerald_Maps&amp;Plans.pdf"" target=""blank"">plans</a>",
Punggol,Punggol Waves,HS-BTO,20 Apr 2010,1Q 2014,,573,,"<a href=""/hdb-brochures/bto-launch-2010-04/Punggol_Waves_General_Info.pdf"" target=""blank"">info</a> <a href=""/hdb-brochures/bto-launch-2010-04/Punggol_Waves_Maps&amp;Plans.pdf"" target=""blank"">plans</a>",
Sengkang,Fernvale Ridge,HS-BTO,16 Mar 2010,2Q 2014,,522,,"<a href=""/hdb-brochures/bto-launch-2010-03/Fernvale_Ridge_General_Info.pdf"" target=""blank"">info</a> <a href=""/hdb-brochures/bto-launch-2010-03/Fernvale_Ridge_Maps&amp;Plans.pdf"" target=""blank"">plans</a>",
Sembawang,Sembawang Riverlodge,HS-BTO,16 Mar 2010,2Q 2014,,432,,"<a href=""/hdb-brochures/bto-launch-2010-03/Sembawang_RiverLodge_General_Info.pdf"" target=""blank"">info</a> <a href=""/hdb-brochures/bto-launch-2010-03/Sembawang_RiverLodge_Maps&amp;Plans.pdf"" target=""blank"">plans</a>",
Punggol,Punggol Crest,HS-BTO,11 Feb 2010,4Q 2013,,750,,"<a href=""/hdb-brochures/bto-launch-2010-02/Punggol_Crest_General_Info.pdf"" target=""blank"">info</a> <a href=""/hdb-brochures/bto-launch-2010-02/Punggol_Crest_Maps&amp;Plans.pdf"" target=""blank"">plans</a>",
Woodlands,Treegrove @ Woodlands,HS-BTO,11 Feb 2010,4Q 2014,,784,,"<a href=""/hdb-brochures/bto-launch-2010-02/Treegrove@Woodlands_General_Info.pdf"" target=""blank"">info</a> <a href=""/hdb-brochures/bto-launch-2010-02/Treegrove@Woodlands_Maps&amp;Plans.pdf"" target=""blank"">plans</a>",
Hougang,Buangkok Vale,HS-BTO,05 Jan 2010,1Q 2014,,699,,"<a href=""/hdb-brochures/bto-launch-2010-01/Buangkok_Vale_General_Info.pdf"" target=""blank"">info</a> <a href=""/hdb-brochures/bto-launch-2010-01/Buangkok_Vale_Maps&amp;Plans.pdf"" target=""blank"">plans</a>",
Choa Chu Kang,Limbang Green,HS-BTO,05 Jan 2010,3Q 2013,,592,,"<a href=""/hdb-brochures/bto-launch-2010-01/Limbang_Green_General_Info.pdf"" target=""blank"">info</a> <a href=""/hdb-brochures/bto-launch-2010-01/Limbang_Green_Maps&amp;Plans.pdf"" target=""blank"">plans</a>",
,,,Year 2009,,,8893,,,
Bukit Panjang,Segar Grove,HS-BTO,15 Dec 2009,Dec 2013,,528,,"<a href=""/hdb-brochures/bto-launch-2009-12/Segar_Grove_General_Info.pdf"" target=""blank"">info</a> <a href=""/hdb-brochures/bto-launch-2009-12/Segar_Grove_Maps&amp;Plans.pdf"" target=""blank"">plans</a>",
Queenstown,SkyTerrace @ Dawson,HS-BTO,15 Dec 2009,Dec 2014,,758,,"<a href=""/hdb-brochures/bto-launch-2009-12/SkyTerrace@Dawson_General_Info.pdf"" target=""blank"">info</a> <a href=""/hdb-brochures/bto-launch-2009-12/SkyTerrace@Dawson_Maps&amp;Plans.pdf"" target=""blank"">plans</a>",
Queenstown,SkyVille @ Dawson,HS-BTO,15 Dec 2009,Dec 2014,,960,,"<a href=""/hdb-brochures/bto-launch-2009-12/SkyVille@Dawson_General_Info.pdf"" target=""blank"">info</a> <a href=""/hdb-brochures/bto-launch-2009-12/SkyVille@Dawson_Maps&amp;Plans.pdf"" target=""blank"">plans</a>",
Sembawang,Montreal Dale,HS-BTO,15 Dec 2009,Dec 2013,,424,,"<a href=""/hdb-brochures/bto-launch-2009-12/Montreal_Dale_General_Info.pdf"" target=""blank"">info</a> <a href=""/hdb-brochures/bto-launch-2009-12/Montreal_Dale_Maps&amp;Plans.pdf"" target=""blank"">plans</a>",
Punggol,Punggol Ripples,HS-BTO,16 Nov 2009,Nov 2013,,472,,,Wikipedia say 403 4-room
Punggol,Punggol Sails,HS-BTO,16 Nov 2009,Nov 2013,,606,,,
Jurong West,Boon Lay Meadow,HS-BTO,16 Oct 2009,Oct 2013,,705,,,
Sengkang,Fernvale Palms,HS-BTO,16 Oct 2009,Oct 2013,,495,,,
Punggol,Punggol Spectra,HS-BTO,31 Aug 2009,Aug 2013,,1142,,,
Punggol,Punggol Residences,HS-BTO,30 Jul 2009,Jul 2013,,769,,,
Sengkang,Fernvale Crest,HS-BTO,02 Jun 2009,Jun 2013,,700,,,
Punggol,The Nautilus @ Punggol,HS-BTO,26 Mar 2009,Mar 2013,,519,,,
Woodlands,Champions Court,HS-BTO,25 Feb 2009,Feb 2013,,815,,,
Choa Chu Kang,Sunshine Court,HS-BTO,Dec 2008,Dec 2012,,452,,,
Punggol,Punggol Regalia,HS-BTO,Dec 2008,Dec 2011,,729,,,
Yishun,Dew Spring,HS-BTO,18 Dec 2008,Dec 2012,,864,,,
Bukit Panjang,Senja Green,HS-BTO,26 Aug 2008,Aug 2012,,474,,,
Punggol,Punggol Arcadia,HS-BTO,13 Nov 2008,Nov 2011,,750,,,
Punggol,Punggol Breeze,HS-BTO,Jun 2008,Jun 2012,,964,,,
Sengkang,Fernvale Residence,HS-BTO,Jun 2008,Jun 2011,,623,,,
Woodlands,Straits Vista @ Marsiling,HS-BTO,Jun 2008,Jun 2012,,382,,,
Punggol,Punggol Sapphire,HS-BTO,May 2008,May 2012,,1065,,,
Sengkang,Compassvale Pearl,HS-BTO,May 2008,May 2010,,420,,,
Yishun,Jade Spring 2,HS-BTO,Mar 2008,Mar 2012,,572,,,
Punggol,Punggol Spring,HS-BTO,Feb 2008,Feb 2012,,494,,,
Punggol,Damai Grove,HS-BTO,Dec 2007,Dec 2011,,738,,,
Yishun,Jade Spring 1,HS-BTO,Dec 2007,Dec 2011,,384,,,
Bukit Panjang,Segar Meadows,HS-BTO,Nov 2007,Nov 2011,,412,,,
Sengkang,Compassvale Beacon,HS-BTO,Nov 2007,Nov 2011,,750,,,
Bukit Merah,Telok Blangah Towers,HS-BTO,Oct 2007,Oct 2010,,400,,,
Punggol,Punggol Lodge,HS-BTO,Oct 2007,Oct 2011,,516,,,
Sengkang,Coral Spring,HS-BTO,Sep 2007,Sep 2011,,698,,,
Punggol,Punggol Vista,HS-BTO,Aug 2007,Aug 2011,,628,,,
Punggol,Treelodge,HS-BTO,Mar 2007,Mar 2011,,712,,,
Sengkang,Fernvale Vista 2,HS-BTO,May 2007,May 2011,,678,,,
Sengkang,Compassvale View,HS-BTO,Nov 2006,Nov 2010,,390,,,
Geylang,Sri Geylang Serai,HS-BTO,Oct 2006,Oct 2010,,447,,,Also announced via SERS 20 Feb 2003
Bishan,Golden Jasmine,HS-BTO,Sep 2006,Sep 2010,,176,,,
Sembawang,Sembawang Green,HS-BTO,Sep 2006,Sep 2010,,471,,,
Sengkang,Fernvale Vista 1,HS-BTO,Jul 2006,Jul 2010,,508,,,
Punggol,Coralinus 2,HS-BTO,Feb 2006,Feb 2010,,365,,,
Sengkang,Fernvale Court,HS-BTO,Sep 2005,Sep 2009,,500,,,
Punggol,Coralinus 1,HS-BTO,Jun 2005,Jun 2009,,369,,,"Wikipedia say 369 4-rm for Coralinus 1 and 365 4-rm for Coralinus 2, but the block numbers provided does not match number of units, although total does match"
Sengkang,Tivela,HS-BTO,Mar 2005,Mar 2009,,374,,,
Punggol,Anthias,HS-BTO,Dec 2004,Cancelled,,734,,,Cancelled and re-launched later as Damai Grove
Sengkang,Coral Green,HS-BTO,Dec 2004,Cancelled,,655,,,Cancelled and re-launched later as Coral Spring
Sengkang,Fernvale Grove,HS-BTO,Aug 2004,Aug 2008,,508,,,
Sengkang,Atrina 1,HS-BTO,Mar 2004,Mar 2008,,424,,,
Sengkang,Atrina 2,HS-BTO,Mar 2004,Mar 2008,,366,,,
Central Area,Pinnacle@Duxton,HS-BTO,May 2004,May 2010,,1848,,,
Sengkang,Aspella 1,HS-BTO,Dec 2003,Dec 2007,,429,,,
Sengkang,Aspella 2,HS-BTO,Dec 2003,Dec 2007,,433,,,
Punggol,The Sundial,HS-BTO,Sep 2003,Sep 2007,,425,,,
Punggol,The Sundial,HS-BTO,Sep 2003,Cancelled,,478,,,Half relaunched as Nautilus
Sembawang,Spring Lodge,HS-BTO,Sep 2003,Sep 2007,,432,,,Relaunched as River Lodge according Wikipedia (wrong)
Sembawang,Spring Lodge,HS-BTO,Sep 2003,Sep 2007,,447,,,"Wikipedia said that Spring Lodge with 432 4-rm was cancelled (relaunched as River Lodge), but actually the blocks does exist and have 4-rm and 5-rm"
Sengkang,The Coris 2,HS-BTO,Sep 2003,Sep 2007,,448,,,"Wikipedia say 434 4-rm for Coris 1 and 450 4-rm for Coris 2, but the block numbers provided does not match number of units, although total does match"
Punggol,Edgedale Green,HS-BTO,Dec 2002,Dec 2006,,582,,,
Punggol,The Periwinkle,HS-BTO,Dec 2002,Dec 2006,,450,,,
Sengkang,The Coris 1,HS-BTO,Dec 2002,Dec 2006,,434,,,
Sembawang,Flowing Greenery,HS-BTO,Apr 2001,Cancelled,,410,,,
Sembawang,River Edge,HS-BTO,Apr 2001,Cancelled,,447,,,"Built according Wikipedia, actually it was cancelled"
Sengkang,Compassvale Arcadia,HS-BTO,Apr 2001,Apr 2005,,961,,,Wikipedia say 640 4-rm and 321 5-rm
Sengkang,Rivervale Green,HS-BTO,Apr 2001,Apr 2005,,776,,,Wikipedia say 576 4-rm and 200 5-rm
Tampines,The Premiere,DBSS,Oct 2006,Jan 2009,,616,,,
Kallang/Whampoa,City View,DBSS,Jan 2008,Apr 2011,,714,,,
Ang Mo Kio,Park Central,DBSS,Oct 2008,Oct 2011,,578,,,
Bishan,Natura Loft,DBSS,Nov 2008,Feb 2012,,480,,,"Wikipedia says 160 4-Room and 400 5-Room, this is wrong, there are 160 and 320 units, thanks to a report from a website visitor."
Simei,Parc Lumiere,DBSS,Apr 2009,Jul 2011,,360,,,
Toa Payoh,The Peak,DBSS,Apr 2009,Jul 2012,,1203,,,"Wikipedia say 42 3-room, 306 4-room, 830 5-room, total 1178 units which is WRONG. The actual project have 1203 units."
Yishun,Adora Green,DBSS,Feb 2011,4Q 2013,,806,,,
Tampines,Centrale 8,DBSS,Jun 2011,2014,,708,,,
Bedok,Belvia,DBSS,Oct 2011,2014,,488,,,
Hougang,Parkland Residences,DBSS,Jan 2012,2014,,680,,,
Jurong West,Lake Vista @ Yuan Ching,DBSS,Oct 2011,2014,,682,,,"Most sources specify a total of 682 units, but detailed info says 145 of 3-Room, 266 of 4-Room, 426 of 5-Room, totaling 837 units. Corrected: 145 + 278 + 258 = 682 units. Completion 2015 according Wikipedia"
Clementi,Trivelis,DBSS,Oct 2011,2015,,888,,,
Pasir Ris,Pasir Ris One,DBSS,Apr 2012,2015,,447,,,